numero;cidade;bairro;endereco;tipo;area;quartos;preco;avaliacao;desconto;economia;modalidade;aceita_financiamento;aceita_fgts;link;edital;matricula;descricao
10139954;Almirante Tamandaré;Mato Dentro;RODOVIA DOS MINÉRIOS, N. 6750, GLEBA;Gleba;72600.0;;1356159.46;4261000.0;68.18;2904840.54;Venda Direta Online;False;False;https://venda-imoveis.caixa.gov.br/sistema/detalhe-imovel.asp?hdnimovel=10139954;;https://venda-imoveis.caixa.gov.br/editais/matricula/PR/0000010139954.pdf;Gleba, 0.00 de área total, 0.00 de área privativa, 72600.00 de área do terreno.
10011968;Colombo;Guaraituba;AV PREFEITO JOAO BATISTA STOCCO, N. 1590, LT 01 QD E;Comercial;2890.8;;2458247.78;4880000.0;49.63;2421752.22;Licitação Aberta;False;False;https://venda-imoveis.caixa.gov.br/sistema/detalhe-imovel.asp?hdnimovel=10011968;https://venda-imoveis.caixa.gov.br/editais/EA00170326CPVERE.PDF;https://venda-imoveis.caixa.gov.br/editais/matricula/PR/0000010011968.pdf;Comercial, 0.00 de área total, 2890.80 de área privativa, 3960.00 de área do terreno.
8787705420250;Campo Largo;Itaqui;RODOVIA DOS EXPEDICIONARIOS, N. 1145, Apto 1716, BL17;Apartamento;40.0;2;102438.63;186000.0;44.93;83561.37;Venda Direta Online;False;False;https://venda-imoveis.caixa.gov.br/sistema/detalhe-imovel.asp?hdnimovel=8787705420250;;;Apartamento, 101.65 de área total, 40.00 de área privativa, 0.00 de área do terreno,  2 qto(s), a.serv, WC, 1 sala(s), cozinha, 1 vaga(s) de garagem.
8444401022685;Curitiba;Cidade Industrial;RUA JOSE LAURINDO DE SOUZA, N. 1373, CASA 01;Casa;66.8;3;158793.25;285000.0;44.29;126206.75;Licitação Aberta;False;False;https://venda-imoveis.caixa.gov.br/sistema/detalhe-imovel.asp?hdnimovel=8444401022685;https://venda-imoveis.caixa.gov.br/editais/EA00240326CPVERE.PDF;https://venda-imoveis.caixa.gov.br/editais/matricula/PR/8444401022685.pdf;Casa, 66.80 de área total, 66.80 de área privativa, 80.00 de área do terreno,  3 qto(s), a.serv, WC, 1 sala(s), 1 lavabo(s), cozinha, 1 vaga(s) de garagem.
8787700861037;Curitiba;Abranches;RUA WILSON GOMES RAMOS, N. 120, Apto 303, BL 07;Apartamento;67.45;2;137483.13;246000.0;44.12;108516.87;Licitação Aberta;False;False;https://venda-imoveis.caixa.gov.br/sistema/detalhe-imovel.asp?hdnimovel=8787700861037;https://venda-imoveis.caixa.gov.br/editais/EA00240326CPVERE.PDF;https://venda-imoveis.caixa.gov.br/editais/matricula/PR/8787700861037.pdf;Apartamento, 0.00 de área total, 67.45 de área privativa, 0.00 de área do terreno,  2 qto(s), a.serv, WC, 1 sala(s), cozinha.
8444401362753;Fazenda Rio Grande;Nacoes;R SUECIA, N. 511, 02,;Casa;54.0;2;171015.6;306000.0;44.12;134984.4;Licitação Aberta;False;False;https://venda-imoveis.caixa.gov.br/sistema/detalhe-imovel.asp?hdnimovel=8444401362753;https://venda-imoveis.caixa.gov.br/editais/EA00240326CPVERE.PDF;https://venda-imoveis.caixa.gov.br/editais/matricula/PR/8444401362753.pdf;Casa, 0.00 de área total, 54.00 de área privativa, 193.21 de área do terreno,  2 qto(s), a.serv, WC, 1 sala(s), cozinha, 2 vaga(s) de garagem.
8555516351888;Araucária;Tindiquera;RUA LINDOLFO LUIZ BOELL, N. 170, Apto 43, BL 02 TIPO D VG 45;Apartamento;42.27;2;102990.09;182000.0;43.42;79009.91;Licitação Aberta;False;False;https://venda-imoveis.caixa.gov.br/sistema/detalhe-imovel.asp?hdnimovel=8555516351888;https://venda-imoveis.caixa.gov.br/editais/EA00140326CPVERE.PDF;https://venda-imoveis.caixa.gov.br/editais/matricula/PR/8555516351888.pdf;Apartamento, 0.00 de área total, 42.27 de área privativa, 0.00 de área do terreno,  2 qto(s), a.serv, WC, 1 sala(s), cozinha, 1 vaga(s) de garagem.
8787703152487;Campo Largo;Jardim Itaqui;RUA MARIA JOAQUINA VAZ, N. 721, Apto 301, BL11 VG 93;Apartamento;40.31;2;112651.21;195000.0;42.24;82348.79;Venda Direta Online;False;False;https://venda-imoveis.caixa.gov.br/sistema/detalhe-imovel.asp?hdnimovel=8787703152487;;https://venda-imoveis.caixa.gov.br/editais/matricula/PR/8787703152487.pdf;Apartamento, 0.00 de área total, 40.31 de área privativa, 0.00 de área do terreno,  2 qto(s), WC, 1 sala(s), cozinha, 1 vaga(s) de garagem.
8555528936487;Curitiba;Tatuquara;RUA ANTONIO ZANON, N. 190, Apto 21, TIPO A BL 01 PV 01 VG 05;Apartamento;47.95;;118428.19;205000.0;42.24;86571.81;Licitação Aberta;False;False;https://venda-imoveis.caixa.gov.br/sistema/detalhe-imovel.asp?hdnimovel=8555528936487;https://venda-imoveis.caixa.gov.br/editais/EA00240326CPVERE.PDF;https://venda-imoveis.caixa.gov.br/editais/matricula/PR/8555528936487.pdf;Apartamento, 0.00 de área total, 47.95 de área privativa, 0.00 de área do terreno, 1 vaga(s) de garagem.
8787702327518;Campo Largo;Jardim Itaqui;RUA MARIA JOAQUINA VAZ, N. 721, Apto 402, TIPO 07 PAV 04 BL 36 VG 884;Apartamento;40.0;2;97066.99;168000.0;42.23;70933.01;Venda Online;False;False;https://venda-imoveis.caixa.gov.br/sistema/detalhe-imovel.asp?hdnimovel=8787702327518;;https://venda-imoveis.caixa.gov.br/editais/matricula/PR/8787702327518.pdf;Apartamento, 45.91 de área total, 40.00 de área privativa, 0.00 de área do terreno,  2 qto(s), WC, 1 sala(s), cozinha, 1 vaga(s) de garagem.
8787702413406;Campo Largo;Jardim Itaqui;RUA MARIA JOAQUINA VAZ, N. 721, Apto 206, BL 29 VG 1081;Apartamento;40.0;2;98222.55;170000.0;42.23;71777.45;Venda Online;False;False;https://venda-imoveis.caixa.gov.br/sistema/detalhe-imovel.asp?hdnimovel=8787702413406;;https://venda-imoveis.caixa.gov.br/editais/matricula/PR/8787702413406.pdf;Apartamento, 45.92 de área total, 40.00 de área privativa, 0.00 de área do terreno,  2 qto(s), a.serv, WC, 1 sala(s), cozinha, 1 vaga(s) de garagem.
8787702551558;Campo Largo;Jardim Itaqui;RUA MARIA JOAQUINA VAZ, N. 721, Apto 207, BL 3402 VG 1018;Apartamento;40.0;2;104000.35;180000.0;42.23;75999.65;Venda Direta Online;False;False;https://venda-imoveis.caixa.gov.br/sistema/detalhe-imovel.asp?hdnimovel=8787702551558;;;Apartamento, 45.91 de área total, 40.00 de área privativa, 0.00 de área do terreno,  2 qto(s), WC, 1 sala(s), cozinha, 1 vaga(s) de garagem.
8787705163931;Campo Largo;Bom Jesus;RODOVIA DOS EXPEDICIONARIOS, N. 1145, Apto 1344, TIPO 2 PAV 04 BL 13 VG 507;Apartamento;40.31;2;100352.54;173686.52;42.23;73333.98;Venda Online;False;False;https://venda-imoveis.caixa.gov.br/sistema/detalhe-imovel.asp?hdnimovel=8787705163931;;https://venda-imoveis.caixa.gov.br/editais/matricula/PR/8787705163931.pdf;Apartamento, 46.17 de área total, 40.31 de área privativa, 0.00 de área do terreno,  2 qto(s), WC, 1 sala(s), cozinha, 1 vaga(s) de garagem.
8787705470630;Campo Largo;Bom Jesus;AVENIDA DOS EXPEDICIONARIOS, N. 1145, Apto 2037, TIPO 01 PAV 03 BL 20 VG 712;Apartamento;40.0;2;98222.55;170000.0;42.23;71777.45;Venda Online;False;False;https://venda-imoveis.caixa.gov.br/sistema/detalhe-imovel.asp?hdnimovel=8787705470630;;https://venda-imoveis.caixa.gov.br/editais/matricula/PR/8787705470630.pdf;Apartamento, 45.82 de área total, 40.00 de área privativa, 0.00 de área do terreno,  2 qto(s), WC, 1 sala(s), cozinha, 1 vaga(s) de garagem.
8787705586328;Campo Largo;Jardim Alvorada;RUA MARIA JOAQUINA VAZ, N. 721, Apto 101, TIPO 38 BL 35 VG 942 LT 2;Apartamento;40.31;2;102844.79;178000.0;42.23;75155.21;Venda Online;False;False;https://venda-imoveis.caixa.gov.br/sistema/detalhe-imovel.asp?hdnimovel=8787705586328;;https://venda-imoveis.caixa.gov.br/editais/matricula/PR/8787705586328.pdf;Apartamento, 46.34 de área total, 40.31 de área privativa, 0.00 de área do terreno,  2 qto(s), WC, 1 sala(s), cozinha, 1 vaga(s) de garagem.
8787704426424;Campo Largo;Jardim Itaqui;RUA MARIA JOAQUINA VAZ, N. 721, Apto 306, TIPO 06 PV 03 BL 20 VG 507;Apartamento;40.0;2;80238.01;138515.0;42.08;58276.99;Licitação Aberta;False;False;https://venda-imoveis.caixa.gov.br/sistema/detalhe-imovel.asp?hdnimovel=8787704426424;https://venda-imoveis.caixa.gov.br/editais/EA00240326CPVERE.PDF;https://venda-imoveis.caixa.gov.br/editais/matricula/PR/8787704426424.pdf;Apartamento, 45.92 de área total, 40.00 de área privativa, 0.00 de área do terreno,  2 qto(s), WC, 1 sala(s), cozinha, 1 vaga(s) de garagem.
1444421418659;Piraquara;Planta Bosque Centenario;RUA EMILIA STECKO, N. 338, LT 04/05 QD C;Casa;433.88;5;823698.45;1420000.0;42.0;596301.55;Venda Direta Online;False;False;https://venda-imoveis.caixa.gov.br/sistema/detalhe-imovel.asp?hdnimovel=1444421418659;;https://venda-imoveis.caixa.gov.br/editais/matricula/PR/1444421418659.pdf;Casa, 433.88 de área total, 433.88 de área privativa, 780.00 de área do terreno,  5 qto(s), a.serv, WC, 4 sala(s), 1 lavabo(s), cozinha.
1444407507011;Curitiba;Boa Vista;RUA WALDEMIRO DAVID GERONASSO, N. 245, CS01 LT05 QD05;Casa;86.93;3;207862.81;356000.0;41.62;148137.19;Licitação Aberta;False;False;https://venda-imoveis.caixa.gov.br/sistema/detalhe-imovel.asp?hdnimovel=1444407507011;https://venda-imoveis.caixa.gov.br/editais/EA00200326CPVERE.PDF;https://venda-imoveis.caixa.gov.br/editais/matricula/PR/1444407507011.pdf;Casa, 0.00 de área total, 86.93 de área privativa, 177.08 de área do terreno,  3 qto(s), WC, 2 sala(s), cozinha, 1 vaga(s) de garagem.
8787702159089;Campo Largo;Jardim Itaqui;RUA MARIA JOAQUINA VAZ, N. 721, Apto 105, TERREO BL 28 VG 1040;Apartamento;40.31;2;89575.84;153000.0;41.46;63424.16;Licitação Aberta;False;False;https://venda-imoveis.caixa.gov.br/sistema/detalhe-imovel.asp?hdnimovel=8787702159089;https://venda-imoveis.caixa.gov.br/editais/EA00240326CPVERE.PDF;https://venda-imoveis.caixa.gov.br/editais/matricula/PR/8787702159089.pdf;Apartamento, 46.35 de área total, 40.31 de área privativa, 0.00 de área do terreno,  2 qto(s), WC, 1 sala(s), cozinha, 1 vaga(s) de garagem.
8787717760450;Campo Largo;Botiatuva;RUA MANOEL LOPES VIEIRA, N. 143, Apto 206, BL 02;Apartamento;40.0;2;90161.3;154000.0;41.46;63838.7;Licitação Aberta;False;False;https://venda-imoveis.caixa.gov.br/sistema/detalhe-imovel.asp?hdnimovel=8787717760450;https://venda-imoveis.caixa.gov.br/editais/EA00220326CPVERE.PDF;https://venda-imoveis.caixa.gov.br/editais/matricula/PR/8787717760450.pdf;Apartamento, 46.13 de área total, 40.00 de área privativa, 0.00 de área do terreno,  2 qto(s), a.serv, WC, 1 sala(s), cozinha, 1 vaga(s) de garagem.
8444433866030;Fazenda Rio Grande;Eucaliptos;AVENIDA VENEZUELA, N. 1827, Apto 24, BL 61 TIPO 02 VG 482;Apartamento;42.57;2;86063.06;147000.0;41.46;60936.94;Licitação Aberta;False;False;https://venda-imoveis.caixa.gov.br/sistema/detalhe-imovel.asp?hdnimovel=8444433866030;https://venda-imoveis.caixa.gov.br/editais/EA00140326CPVERE.PDF;https://venda-imoveis.caixa.gov.br/editais/matricula/PR/8444433866030.pdf;Apartamento, 49.30 de área total, 42.57 de área privativa, 0.00 de área do terreno,  2 qto(s), WC, 1 sala(s), cozinha, 1 vaga(s) de garagem.
8787707492428;Almirante Tamandaré;Jardim Campo Verde;RUA MANOEL BARBOSA, N. 207, Apto 9412, TÉRREO BL 94 VG 366;Apartamento;40.32;2;111378.29;189000.0;41.07;77621.71;Venda Online;False;False;https://venda-imoveis.caixa.gov.br/sistema/detalhe-imovel.asp?hdnimovel=8787707492428;;https://venda-imoveis.caixa.gov.br/editais/matricula/PR/8787707492428.pdf;Apartamento, 42.12 de área total, 40.32 de área privativa, 0.00 de área do terreno,  2 qto(s), WC, 1 sala(s), cozinha, 1 vaga(s) de garagem.
8787702328662;Campo Largo;Jardim Itaqui;RUA MARIA JOAQUINA VAZ, N. 721, Apto 108, BL 34 TÉRREO VG 1011;Apartamento;44.83;2;111967.6;190000.0;41.07;78032.4;Venda Online;False;False;https://venda-imoveis.caixa.gov.br/sistema/detalhe-imovel.asp?hdnimovel=8787702328662;;https://venda-imoveis.caixa.gov.br/editais/matricula/PR/8787702328662.pdf;Apartamento, 62.82 de área total, 44.83 de área privativa, 0.00 de área do terreno,  2 qto(s), WC, 1 sala(s), cozinha, 1 vaga(s) de garagem.
8787703061902;Campo Largo;Jardim Itaqui;RUA MARIA JOAQUINA VAZ, N. 721, Apto 205, BL 09 VG 115;Apartamento;40.31;2;108431.77;184000.0;41.07;75568.23;Venda Online;False;False;https://venda-imoveis.caixa.gov.br/sistema/detalhe-imovel.asp?hdnimovel=8787703061902;;https://venda-imoveis.caixa.gov.br/editais/matricula/PR/8787703061902.pdf;Apartamento, 46.26 de área total, 40.31 de área privativa, 0.00 de área do terreno,  2 qto(s), a.serv, WC, 1 sala(s), cozinha, 1 vaga(s) de garagem.
8787703300125;Campo Largo;Jardim Itaqui;RUA MARIA JOAQUINA VAZ, N. 721, Apto 405, BL 10 VG 77;Apartamento;43.61;2;109610.38;186000.0;41.07;76389.62;Venda Online;False;False;https://venda-imoveis.caixa.gov.br/sistema/detalhe-imovel.asp?hdnimovel=8787703300125;;https://venda-imoveis.caixa.gov.br/editais/matricula/PR/8787703300125.pdf;Apartamento, 50.04 de área total, 43.61 de área privativa, 0.00 de área do terreno,  2 qto(s), WC, 1 sala(s), cozinha, 1 vaga(s) de garagem.
8787703620065;Campo Largo;Jardim Itaqui;RUA MARIA JOAQUINA VAZ, N. 721, Apto 202, PAV 02 BL 38 VG 913;Apartamento;40.0;2;108431.77;184000.0;41.07;75568.23;Venda Online;False;False;https://venda-imoveis.caixa.gov.br/sistema/detalhe-imovel.asp?hdnimovel=8787703620065;;https://venda-imoveis.caixa.gov.br/editais/matricula/PR/8787703620065.pdf;Apartamento, 45.91 de área total, 40.00 de área privativa, 0.00 de área do terreno,  2 qto(s), WC, 1 sala(s), cozinha, 1 vaga(s) de garagem.
8787704032140;Campo Largo;Jardim Itaqui;RUA MARIA JOAQUINA VAZ, N. 721, Apto 103, BL 09;Apartamento;40.0;2;114406.37;194138.4;41.07;79732.03;Venda Online;False;False;https://venda-imoveis.caixa.gov.br/sistema/detalhe-imovel.asp?hdnimovel=8787704032140;;https://venda-imoveis.caixa.gov.br/editais/matricula/PR/8787704032140.pdf;Apartamento, 45.91 de área total, 40.00 de área privativa, 0.00 de área do terreno,  2 qto(s), a.serv, WC, 1 sala(s), cozinha, 1 vaga(s) de garagem.
8787705513541;Campo Largo;Jardim Itaqui;RUA MARIA JOAQUINA VAZ, N. 721, Apto 107, BL 29;Apartamento;40.0;2;109021.08;185000.0;41.07;75978.92;Venda Online;False;False;https://venda-imoveis.caixa.gov.br/sistema/detalhe-imovel.asp?hdnimovel=8787705513541;;https://venda-imoveis.caixa.gov.br/editais/matricula/PR/8787705513541.pdf;Apartamento, 45.91 de área total, 40.00 de área privativa, 0.00 de área do terreno,  2 qto(s), a.serv, WC, 1 sala(s), cozinha, 1 vaga(s) de garagem.
8787704848876;Campo Largo;Bom Jesus;RODOVIA DOS EXPEDICIONARIOS, N. 1145, Apto 2031, TIPO 2 PAV 03 BL 20 VG 706;Apartamento;40.31;2;109021.08;185000.0;41.07;75978.92;Venda Online;False;False;https://venda-imoveis.caixa.gov.br/sistema/detalhe-imovel.asp?hdnimovel=8787704848876;;https://venda-imoveis.caixa.gov.br/editais/matricula/PR/8787704848876.pdf;Apartamento, 46.17 de área total, 40.31 de área privativa, 0.00 de área do terreno,  2 qto(s), WC, 1 sala(s), cozinha, 1 vaga(s) de garagem.
8787705253957;Campo Largo;Bom Jesus;RODOVIA DOS EXPEDICIONARIOS, N. 1145, Apto 1514, BL 15;Apartamento;40.31;2;123753.66;210000.0;41.07;86246.34;Venda Online;False;False;https://venda-imoveis.caixa.gov.br/sistema/detalhe-imovel.asp?hdnimovel=8787705253957;;https://venda-imoveis.caixa.gov.br/editais/matricula/PR/8787705253957.pdf;Apartamento, 46.20 de área total, 40.31 de área privativa, 0.00 de área do terreno,  2 qto(s), a.serv, WC, 1 sala(s), cozinha, 1 vaga(s) de garagem.
8787705326180;Campo Largo;Bom Jesus;RODOVIA DOS EXPEDICIONARIOS, N. 1145, Apto 2327, BL 23;Apartamento;40.0;2;108431.77;184000.0;41.07;75568.23;Venda Online;False;False;https://venda-imoveis.caixa.gov.br/sistema/detalhe-imovel.asp?hdnimovel=8787705326180;;https://venda-imoveis.caixa.gov.br/editais/matricula/PR/8787705326180.pdf;Apartamento, 45.82 de área total, 40.00 de área privativa, 0.00 de área do terreno,  2 qto(s), WC, 1 sala(s), cozinha, 1 vaga(s) de garagem.
8787708379374;Almirante Tamandaré;Jardim Campo Verde;RUA MANOEL BARBOSA, N. 207, Apto 5421, BL 54;Apartamento;41.54;2;100741.08;170000.0;40.75;69258.92;Licitação Aberta;False;False;https://venda-imoveis.caixa.gov.br/sistema/detalhe-imovel.asp?hdnimovel=8787708379374;https://venda-imoveis.caixa.gov.br/editais/EA00180326CPVERE.PDF;https://venda-imoveis.caixa.gov.br/editais/matricula/PR/8787708379374.pdf;Apartamento, 54.62 de área total, 41.54 de área privativa, 0.00 de área do terreno,  2 qto(s), a.serv, WC, 1 sala(s), cozinha, 1 vaga(s) de garagem.
8787709302057;Almirante Tamandaré;Jardim Campo Verde;RUA MANOEL BARBOSA, N. 207, Apto 0, APTO 10722 BL 107;Apartamento;41.54;2;106667.03;180000.0;40.75;73332.97;Licitação Aberta;False;False;https://venda-imoveis.caixa.gov.br/sistema/detalhe-imovel.asp?hdnimovel=8787709302057;https://venda-imoveis.caixa.gov.br/editais/EA00180326CPVERE.PDF;https://venda-imoveis.caixa.gov.br/editais/matricula/PR/8787709302057.pdf;Apartamento, 43.37 de área total, 41.54 de área privativa, 0.00 de área do terreno,  2 qto(s), WC, 1 sala(s), cozinha, 1 vaga(s) de garagem.
8787708373384;Almirante Tamandaré;Restinga Seca;RUA MANOEL BARBOSA, N. 207, Apto 322, BL 03;Apartamento;41.54;2;106667.03;180000.0;40.75;73332.97;Venda Direta Online;False;False;https://venda-imoveis.caixa.gov.br/sistema/detalhe-imovel.asp?hdnimovel=8787708373384;;https://venda-imoveis.caixa.gov.br/editais/matricula/PR/8787708373384.pdf;Apartamento, 54.62 de área total, 41.54 de área privativa, 0.00 de área do terreno,  2 qto(s), WC, 1 sala(s), cozinha, 1 vaga(s) de garagem.
8555528701382;Araucária;Capela Velha;RUA SÔNIA BODZIAK E RUA APAPONGAS, N. 91, 1528, Apto 301, TORRE 03, PAV TERREO, VAGA 33;Apartamento;43.12;2;106667.03;180000.0;40.75;73332.97;Licitação Aberta;False;False;https://venda-imoveis.caixa.gov.br/sistema/detalhe-imovel.asp?hdnimovel=8555528701382;https://venda-imoveis.caixa.gov.br/editais/EA00200326CPVERE.PDF;https://venda-imoveis.caixa.gov.br/editais/matricula/PR/8555528701382.pdf;Apartamento, 45.00 de área total, 43.12 de área privativa, 0.00 de área do terreno,  2 qto(s), WC, 1 sala(s), cozinha, 1 vaga(s) de garagem.
8787711689621;Araucária;Campina Da Barra;RUA DAS CAMELIAS, N. 951, Apto 194, BL 49, PAV, SUPERIOR, TIPO 10, VAGA 12;Apartamento;41.7;2;97778.11;165000.0;40.75;67221.89;Licitação Aberta;False;False;https://venda-imoveis.caixa.gov.br/sistema/detalhe-imovel.asp?hdnimovel=8787711689621;https://venda-imoveis.caixa.gov.br/editais/EA00200326CPVERE.PDF;https://venda-imoveis.caixa.gov.br/editais/matricula/PR/8787711689621.pdf;Apartamento, 42.28 de área total, 41.70 de área privativa, 0.00 de área do terreno,  2 qto(s), WC, 1 sala(s), cozinha, 1 vaga(s) de garagem.
8787702314505;Campo Largo;Jardim Itaqui;RUA MARIA JOAQUINA VAZ, N. 721, Apto 103, BL 33;Apartamento;40.0;2;106667.03;180000.0;40.75;73332.97;Venda Online;False;False;https://venda-imoveis.caixa.gov.br/sistema/detalhe-imovel.asp?hdnimovel=8787702314505;;https://venda-imoveis.caixa.gov.br/editais/matricula/PR/8787702314505.pdf;Apartamento, 45.91 de área total, 40.00 de área privativa, 0.00 de área do terreno,  2 qto(s), a.serv, WC, 1 sala(s), cozinha, 1 vaga(s) de garagem.
8787702406663;Campo Largo;Jardim Itaqui;RUA MARIA JOAQUINA VAZ, N. 721, Apto 201, BL 30 VG 1159;Apartamento;40.13;2;103111.46;174000.0;40.75;70888.54;Venda Online;False;False;https://venda-imoveis.caixa.gov.br/sistema/detalhe-imovel.asp?hdnimovel=8787702406663;;https://venda-imoveis.caixa.gov.br/editais/matricula/PR/8787702406663.pdf;Apartamento, 4019.21 de área total, 40.13 de área privativa, 0.00 de área do terreno,  2 qto(s), a.serv, WC, 1 sala(s), cozinha, 1 vaga(s) de garagem.
8787702492527;Campo Largo;Jardim Itaqui;RUA MARIA JOAQUINA VAZ, N. 721, Apto 203, BL 30 VG 1161 LT 02;Apartamento;40.0;2;103704.06;175000.0;40.75;71295.94;Venda Direta Online;False;False;https://venda-imoveis.caixa.gov.br/sistema/detalhe-imovel.asp?hdnimovel=8787702492527;;https://venda-imoveis.caixa.gov.br/editais/matricula/PR/8787702492527.pdf;Apartamento, 52.00 de área total, 40.00 de área privativa, 0.00 de área do terreno,  2 qto(s), WC, 1 sala(s), cozinha, 1 vaga(s) de garagem.
8787702693310;Campo Largo;Jardim Itaqui;RUA MARIA JOAQUINA VAZ, N. 721, Apto 107, BL 26;Apartamento;40.0;2;97778.11;165000.0;40.75;67221.89;Venda Online;False;False;https://venda-imoveis.caixa.gov.br/sistema/detalhe-imovel.asp?hdnimovel=8787702693310;;https://venda-imoveis.caixa.gov.br/editais/matricula/PR/8787702693310.pdf;Apartamento, 45.91 de área total, 40.00 de área privativa, 0.00 de área do terreno,  2 qto(s), a.serv, WC, 1 sala(s), cozinha, 1 vaga(s) de garagem.
8787703271915;Campo Largo;Jardim Itaqui;RUA MARIA JOAQUINA VAZ, N. 721, Apto 302, BL 09 VAGA DE GARAGEM Nº 120;Apartamento;40.0;2;106667.03;180000.0;40.75;73332.97;Venda Direta Online;False;False;https://venda-imoveis.caixa.gov.br/sistema/detalhe-imovel.asp?hdnimovel=8787703271915;;https://venda-imoveis.caixa.gov.br/editais/matricula/PR/8787703271915.pdf;Apartamento, 45.91 de área total, 40.00 de área privativa, 0.00 de área do terreno,  2 qto(s), WC, 1 sala(s), cozinha, 1 vaga(s) de garagem.
8787703275635;Campo Largo;Jardim Itaqui;RUA MARIA JOAQUINA VAZ, N. 721, Apto 402, BL 19 VAGA 458;Apartamento;40.0;2;103704.06;175000.0;40.75;71295.94;Venda Direta Online;False;False;https://venda-imoveis.caixa.gov.br/sistema/detalhe-imovel.asp?hdnimovel=8787703275635;;https://venda-imoveis.caixa.gov.br/editais/matricula/PR/8787703275635.pdf;Apartamento, 52.00 de área total, 40.00 de área privativa, 0.00 de área do terreno,  2 qto(s), varanda, WC, 1 sala(s), cozinha, 1 vaga(s) de garagem.
8787703305208;Campo Largo;Jardim Itaqui;RUA MARIA JOAQUINA VAZ, N. 721, Apto 305, BL 16 VG 479;Apartamento;40.31;2;103265.85;174260.53;40.75;70994.68;Venda Online;False;False;https://venda-imoveis.caixa.gov.br/sistema/detalhe-imovel.asp?hdnimovel=8787703305208;;https://venda-imoveis.caixa.gov.br/editais/matricula/PR/8787703305208.pdf;Apartamento, 46.27 de área total, 40.31 de área privativa, 0.00 de área do terreno,  2 qto(s), WC, 1 sala(s), cozinha, 1 vaga(s) de garagem.
8787703484536;Campo Largo;Jardim Itaqui;RUA MARIA JOAQUINA VAZ, N. 721/A204, Apto 204, 2º PAV, BL 37, VAGA 983;Apartamento;40.31;2;100741.08;170000.0;40.75;69258.92;Licitação Aberta;False;False;https://venda-imoveis.caixa.gov.br/sistema/detalhe-imovel.asp?hdnimovel=8787703484536;https://venda-imoveis.caixa.gov.br/editais/EA00190326CPVERE.PDF;https://venda-imoveis.caixa.gov.br/editais/matricula/PR/8787703484536.pdf;Apartamento, 46.27 de área total, 40.31 de área privativa, 0.00 de área do terreno,  2 qto(s), WC, 1 sala(s), cozinha, 1 vaga(s) de garagem.
8787703539160;Campo Largo;Jardim Itaqui;RUA MARIA JOAQUINA VAZ, N. 721, Apto 304, BL 02 BOX 220;Apartamento;40.31;2;106074.43;179000.0;40.75;72925.57;Venda Online;False;False;https://venda-imoveis.caixa.gov.br/sistema/detalhe-imovel.asp?hdnimovel=8787703539160;;https://venda-imoveis.caixa.gov.br/editais/matricula/PR/8787703539160.pdf;Apartamento, 46.26 de área total, 40.31 de área privativa, 0.00 de área do terreno,  2 qto(s), WC, 2 sala(s), cozinha, 1 vaga(s) de garagem.
8787703661217;Campo Largo;Jardim Itaqui;RUA MARIA JOAQUINA VAZ, N. 721, Apto 405, BL 35 VG 950;Apartamento;52.31;2;101926.27;172000.0;40.75;70073.73;Venda Direta Online;False;False;https://venda-imoveis.caixa.gov.br/sistema/detalhe-imovel.asp?hdnimovel=8787703661217;;https://venda-imoveis.caixa.gov.br/editais/matricula/PR/8787703661217.pdf;Apartamento, 0.00 de área total, 52.31 de área privativa, 0.00 de área do terreno,  2 qto(s), a.serv, WC, 1 sala(s), cozinha, 1 vaga(s) de garagem.
8787706657300;Campo Largo;Jardim Itaqui;RUA MARIA JOAQUINA VAZ, N. 721, Apto 107, TIPO 06 BL 11 VG 83;Apartamento;40.0;2;103704.06;175000.0;40.75;71295.94;Venda Direta Online;False;False;https://venda-imoveis.caixa.gov.br/sistema/detalhe-imovel.asp?hdnimovel=8787706657300;;https://venda-imoveis.caixa.gov.br/editais/matricula/PR/8787706657300.pdf;Apartamento, 52.00 de área total, 40.00 de área privativa, 0.00 de área do terreno,  2 qto(s), WC, 1 sala(s), cozinha, 1 vaga(s) de garagem.
8787710716757;Campo Largo;Jardim Itaqui;RUA MARIA JOAQUINA VAZ, N. 721, Apto 402, BL 02 VG 228;Apartamento;40.0;2;104889.24;177000.0;40.75;72110.76;Venda Direta Online;False;False;https://venda-imoveis.caixa.gov.br/sistema/detalhe-imovel.asp?hdnimovel=8787710716757;;https://venda-imoveis.caixa.gov.br/editais/matricula/PR/8787710716757.pdf;Apartamento, 45.91 de área total, 40.00 de área privativa, 0.00 de área do terreno,  2 qto(s), WC, 1 sala(s), cozinha, 1 vaga(s) de garagem.
8787714159712;Campo Largo;Botiatuva;RUA MANOEL LOPES VIEIRA, N. 143, Apto 405, BL 08;Apartamento;40.31;2;106074.43;179000.0;40.75;72925.57;Licitação Aberta;False;False;https://venda-imoveis.caixa.gov.br/sistema/detalhe-imovel.asp?hdnimovel=8787714159712;https://venda-imoveis.caixa.gov.br/editais/EA00220326CPVERE.PDF;https://venda-imoveis.caixa.gov.br/editais/matricula/PR/8787714159712.pdf;Apartamento, 46.48 de área total, 40.31 de área privativa, 0.00 de área do terreno,  2 qto(s), WC, 1 sala(s), cozinha, 1 vaga(s) de garagem.
8787714169181;Campo Largo;Botiatuva;RUA MANOEL LOPES VIEIRA, N. 143, Apto 402, BL 05;Apartamento;40.0;2;105481.84;178000.0;40.75;72518.16;Licitação Aberta;False;False;https://venda-imoveis.caixa.gov.br/sistema/detalhe-imovel.asp?hdnimovel=8787714169181;https://venda-imoveis.caixa.gov.br/editais/EA00220326CPVERE.PDF;https://venda-imoveis.caixa.gov.br/editais/matricula/PR/8787714169181.pdf;Apartamento, 46.12 de área total, 40.00 de área privativa, 0.00 de área do terreno,  2 qto(s), WC, 1 sala(s), cozinha, 1 vaga(s) de garagem.
8787704480631;Campo Largo;Bom Jesus;RODOVIA DOS EXPEDICIONARIOS, N. 1145, Apto 3317, BL 33 TIPO 3;Apartamento;40.0;2;98963.3;167000.0;40.75;68036.7;Venda Direta Online;False;False;https://venda-imoveis.caixa.gov.br/sistema/detalhe-imovel.asp?hdnimovel=8787704480631;;https://venda-imoveis.caixa.gov.br/editais/matricula/PR/8787704480631.pdf;Apartamento, 45.87 de área total, 40.00 de área privativa, 0.00 de área do terreno,  2 qto(s), WC, 1 sala(s), cozinha, 1 vaga(s) de garagem.
8787704497666;Campo Largo;Bom Jesus;RODOVIA DOS EXPEDICIONARIOS, N. 1145, Apto 2517, BL 25;Apartamento;41.51;2;108444.81;183000.0;40.75;74555.19;Venda Direta Online;False;False;https://venda-imoveis.caixa.gov.br/sistema/detalhe-imovel.asp?hdnimovel=8787704497666;;https://venda-imoveis.caixa.gov.br/editais/matricula/PR/8787704497666.pdf;Apartamento, 47.38 de área total, 41.51 de área privativa, 0.00 de área do terreno,  2 qto(s), WC, 1 sala(s), cozinha, 1 vaga(s) de garagem.
8787704497801;Campo Largo;Bom Jesus;RODOVIA DOS EXPEDICIONARIOS, N. 1145, Apto 3323, BL 33;Apartamento;40.0;2;106074.43;179000.0;40.75;72925.57;Venda Direta Online;False;False;https://venda-imoveis.caixa.gov.br/sistema/detalhe-imovel.asp?hdnimovel=8787704497801;;https://venda-imoveis.caixa.gov.br/editais/matricula/PR/8787704497801.pdf;Apartamento, 45.82 de área total, 40.00 de área privativa, 0.00 de área do terreno,  2 qto(s), WC, 1 sala(s), cozinha, 1 vaga(s) de garagem.
8787704800784;Campo Largo;Bom Jesus;RODOVIA DOS EXPEDICIONARIOS, N. 1145, Apto 1638, BL 16;Apartamento;40.31;2;100741.08;170000.0;40.75;69258.92;Venda Direta Online;False;False;https://venda-imoveis.caixa.gov.br/sistema/detalhe-imovel.asp?hdnimovel=8787704800784;;https://venda-imoveis.caixa.gov.br/editais/matricula/PR/8787704800784.pdf;Apartamento, 102.33 de área total, 40.31 de área privativa, 0.00 de área do terreno,  2 qto(s), WC, 1 sala(s), cozinha, 1 vaga(s) de garagem.
8787705007468;Campo Largo;Bom Jesus;RODOVIA DOS EXPEDICIONARIOS, N. 1145, Apto 2334, BL 23;Apartamento;40.31;2;100741.08;170000.0;40.75;69258.92;Venda Online;False;False;https://venda-imoveis.caixa.gov.br/sistema/detalhe-imovel.asp?hdnimovel=8787705007468;;https://venda-imoveis.caixa.gov.br/editais/matricula/PR/8787705007468.pdf;Apartamento, 46.17 de área total, 40.31 de área privativa, 0.00 de área do terreno,  2 qto(s), WC, 1 sala(s), cozinha, 1 vaga(s) de garagem.
8787705172213;Campo Largo;Bom Jesus;RODOVIA DOS EXPEDICIONARIOS, N. 1145, Apto 2046, BL 20;Apartamento;40.0;2;108444.81;183000.0;40.75;74555.19;Venda Online;False;False;https://venda-imoveis.caixa.gov.br/sistema/detalhe-imovel.asp?hdnimovel=8787705172213;;https://venda-imoveis.caixa.gov.br/editais/matricula/PR/8787705172213.pdf;Apartamento, 58.32 de área total, 40.00 de área privativa, 0.00 de área do terreno,  2 qto(s), WC, 1 sala(s), cozinha, 1 vaga(s) de garagem.
8787705192680;Campo Largo;Bom Jesus;RODOVIA DOS EXPEDICIONARIOS, N. SN, Apto 1616, TIPO 03 BL 16 VG 164;Apartamento;40.0;2;106667.03;180000.0;40.75;73332.97;Venda Direta Online;False;False;https://venda-imoveis.caixa.gov.br/sistema/detalhe-imovel.asp?hdnimovel=8787705192680;;https://venda-imoveis.caixa.gov.br/editais/matricula/PR/8787705192680.pdf;Apartamento, 45.87 de área total, 40.00 de área privativa, 0.00 de área do terreno,  2 qto(s), WC, 1 sala(s), cozinha, 1 vaga(s) de garagem.
8787705273168;Campo Largo;Bom Jesus;AVENIDA DOS EXPEDICIONARIOS, N. 1145, Apto 2148, BL 21 VG 739;Apartamento;40.31;2;106667.03;180000.0;40.75;73332.97;Venda Direta Online;False;False;https://venda-imoveis.caixa.gov.br/sistema/detalhe-imovel.asp?hdnimovel=8787705273168;;https://venda-imoveis.caixa.gov.br/editais/matricula/PR/8787705273168.pdf;Apartamento, 46.17 de área total, 40.31 de área privativa, 0.00 de área do terreno,  2 qto(s), WC, 1 sala(s), cozinha, 1 vaga(s) de garagem.
8787705286154;Campo Largo;Bom Jesus;RODOVIA DOS EXPEDICIONARIOS, N. 1145, Apto 1618, BL 16, VAGA Nº166;Apartamento;40.31;2;100741.08;170000.0;40.75;69258.92;Venda Direta Online;False;False;https://venda-imoveis.caixa.gov.br/sistema/detalhe-imovel.asp?hdnimovel=8787705286154;;https://venda-imoveis.caixa.gov.br/editais/matricula/PR/8787705286154.pdf;Apartamento, 46.20 de área total, 40.31 de área privativa, 0.00 de área do terreno,  2 qto(s), WC, 1 sala(s), cozinha, Terraco, 1 vaga(s) de garagem.
8787705371763;Campo Largo;Bom Jesus;RODOVIA DOS EXPEDICIONARIOS, N. 1145, Apto 1512, BL 15;Apartamento;40.0;2;108444.81;183000.0;40.75;74555.19;Venda Online;False;False;https://venda-imoveis.caixa.gov.br/sistema/detalhe-imovel.asp?hdnimovel=8787705371763;;https://venda-imoveis.caixa.gov.br/editais/matricula/PR/8787705371763.pdf;Apartamento, 47.59 de área total, 40.00 de área privativa, 0.00 de área do terreno,  2 qto(s), WC, 1 sala(s), cozinha, 1 vaga(s) de garagem.
8787705411382;Campo Largo;Bom Jesus;RODOVIA DOS EXPEDICIONARIOS, N. 1145, Apto 1518, BL15;Apartamento;40.31;2;100741.08;170000.0;40.75;69258.92;Venda Online;False;False;https://venda-imoveis.caixa.gov.br/sistema/detalhe-imovel.asp?hdnimovel=8787705411382;;https://venda-imoveis.caixa.gov.br/editais/matricula/PR/8787705411382.pdf;Apartamento, 0.00 de área total, 40.31 de área privativa, 0.00 de área do terreno,  2 qto(s), WC, 1 sala(s), cozinha, 1 vaga(s) de garagem.
8787705615530;Campo Largo;Bom Jesus;RODOVIA DOS EXPEDICIONARIOS (AVENIDA DOS EXPEDICIO, N. SN, Apto 1936, BL 19 VG 619 TIPO 01 3º PAV;Apartamento;40.0;2;100741.08;170000.0;40.75;69258.92;Licitação Aberta;False;False;https://venda-imoveis.caixa.gov.br/sistema/detalhe-imovel.asp?hdnimovel=8787705615530;https://venda-imoveis.caixa.gov.br/editais/EA00240326CPVERE.PDF;https://venda-imoveis.caixa.gov.br/editais/matricula/PR/8787705615530.pdf;Apartamento, 45.82 de área total, 40.00 de área privativa, 0.00 de área do terreno,  2 qto(s), WC, 1 sala(s), cozinha, 1 vaga(s) de garagem.
8787706024617;Campo Largo;Bom Jesus;RODOVIA DOS EXPEDICIONARIOS, N. 1145, Apto 1422, TP 01 PAVIMENTO 2 BL 14;Apartamento;40.0;2;106667.03;180000.0;40.75;73332.97;Venda Online;False;False;https://venda-imoveis.caixa.gov.br/sistema/detalhe-imovel.asp?hdnimovel=8787706024617;;https://venda-imoveis.caixa.gov.br/editais/matricula/PR/8787706024617.pdf;Apartamento, 45.82 de área total, 40.00 de área privativa, 0.00 de área do terreno,  2 qto(s), WC, 1 sala(s), cozinha, 1 vaga(s) de garagem.
8787709582823;Campo Largo;Bom Jesus;AVENIDA DOS EXPEDICIONARIOS, N. 1145, Apto 3543, BL 35 VG 1115;Apartamento;40.0;2;100741.08;170000.0;40.75;69258.92;Venda Online;False;False;https://venda-imoveis.caixa.gov.br/sistema/detalhe-imovel.asp?hdnimovel=8787709582823;;https://venda-imoveis.caixa.gov.br/editais/matricula/PR/8787709582823.pdf;Apartamento, 45.82 de área total, 40.00 de área privativa, 0.00 de área do terreno,  2 qto(s), WC, 1 sala(s), cozinha, 1 vaga(s) de garagem.
8787709839662;Campo Largo;Bom Jesus;AVENIDA EXPEDICIONARIOS, N. SN, Apto 324, BLOCO 03, VAGA 84;Apartamento;40.31;2;100741.08;170000.0;40.75;69258.92;Licitação Aberta;False;False;https://venda-imoveis.caixa.gov.br/sistema/detalhe-imovel.asp?hdnimovel=8787709839662;https://venda-imoveis.caixa.gov.br/editais/EA00200326CPVERE.PDF;https://venda-imoveis.caixa.gov.br/editais/matricula/PR/8787709839662.pdf;Apartamento, 46.17 de área total, 40.31 de área privativa, 0.00 de área do terreno,  2 qto(s), WC, 1 sala(s), cozinha, 1 vaga(s) de garagem.
8787710470111;Campo Largo;Bom Jesus;RODOVIA DOS EXPEDICIONARIOS, N. 1145, Apto 2011, BL 20 VG 656;Apartamento;40.31;2;99555.89;168000.0;40.75;68444.11;Venda Direta Online;False;False;https://venda-imoveis.caixa.gov.br/sistema/detalhe-imovel.asp?hdnimovel=8787710470111;;https://venda-imoveis.caixa.gov.br/editais/matricula/PR/8787710470111.pdf;Apartamento, 46.20 de área total, 40.31 de área privativa, 0.00 de área do terreno,  2 qto(s), WC, 1 sala(s), cozinha, 1 vaga(s) de garagem.
8787710915423;Campo Largo;Bom Jesus;RODOVIA DOS EXPEDICIONARIOS, N. 1145, Apto 2712, BL 27;Apartamento;40.0;2;103704.06;175000.0;40.75;71295.94;Venda Online;False;False;https://venda-imoveis.caixa.gov.br/sistema/detalhe-imovel.asp?hdnimovel=8787710915423;;https://venda-imoveis.caixa.gov.br/editais/matricula/PR/8787710915423.pdf;Apartamento, 45.87 de área total, 40.00 de área privativa, 0.00 de área do terreno,  2 qto(s), WC, 1 sala(s), cozinha, 1 vaga(s) de garagem.
8787703952092;Campo Largo;Campo Do Meio;RUA MARIA JOAQUINA VAZ, N. 721, Apto 204, BL 23, VAGA Nº 558;Apartamento;40.31;2;101926.27;172000.0;40.75;70073.73;Venda Direta Online;False;False;https://venda-imoveis.caixa.gov.br/sistema/detalhe-imovel.asp?hdnimovel=8787703952092;;https://venda-imoveis.caixa.gov.br/editais/matricula/PR/8787703952092.pdf;Apartamento, 46.27 de área total, 40.31 de área privativa, 0.00 de área do terreno,  2 qto(s), WC, 1 sala(s), cozinha, 1 vaga(s) de garagem.
8787714493566;Campo Largo;Itaqui;RUA PROFESSOR OVIDIO JORGE NOGUEIRA, N. 77, Apto 301, BL 08;Apartamento;49.84;2;106667.03;180000.0;40.75;73332.97;Venda Direta Online;False;False;https://venda-imoveis.caixa.gov.br/sistema/detalhe-imovel.asp?hdnimovel=8787714493566;;https://venda-imoveis.caixa.gov.br/editais/matricula/PR/8787714493566.pdf;Apartamento, 58.30 de área total, 49.84 de área privativa, 0.00 de área do terreno,  2 qto(s), a.serv, WC, 1 sala(s), cozinha, 1 vaga(s) de garagem.
8555512847072;Contenda;Ilha;AVENIDA ELEUTERIO DE SOUZA PADILHA, N. 1463, 42;Casa;35.1;1;104162.59;175773.78;40.75;71611.19;Venda Direta Online;False;False;https://venda-imoveis.caixa.gov.br/sistema/detalhe-imovel.asp?hdnimovel=8555512847072;;https://venda-imoveis.caixa.gov.br/editais/matricula/PR/8555512847072.pdf;Casa, 0.00 de área total, 35.10 de área privativa, 155.49 de área do terreno,  1 qto(s), WC, 1 sala(s), cozinha.
8555515362061;Contenda;Jardim Das Americas;RUA JAIME GOOD, N. 86, 15,;Casa;47.3;2;96000.33;162000.0;40.75;65999.67;Venda Direta Online;False;False;https://venda-imoveis.caixa.gov.br/sistema/detalhe-imovel.asp?hdnimovel=8555515362061;;https://venda-imoveis.caixa.gov.br/editais/matricula/PR/8555515362061.pdf;Casa, 47.30 de área total, 47.30 de área privativa, 127.91 de área do terreno,  2 qto(s), a.serv, WC, 1 sala(s), cozinha.
8787702208306;Campo Largo;Jardim Itaqui;RUA MARIA JOAQUINA VAZ, N. 721, Apto 106, BL 29 VG 1073;Apartamento;40.0;2;149249.22;250000.0;40.31;100750.78;Venda Direta Online;False;False;https://venda-imoveis.caixa.gov.br/sistema/detalhe-imovel.asp?hdnimovel=8787702208306;;https://venda-imoveis.caixa.gov.br/editais/matricula/PR/8787702208306.pdf;Apartamento, 45.91 de área total, 40.00 de área privativa, 0.00 de área do terreno,  2 qto(s), WC, 1 sala(s), cozinha, 1 vaga(s) de garagem.
8787713103853;Almirante Tamandaré;Tangua;RUA ELIZIO FERREIRA DO NASCIMENTO, N. 807, Apto 403, BL A;Apartamento;41.11;2;113629.74;188000.0;39.56;74370.26;Licitação Aberta;False;False;https://venda-imoveis.caixa.gov.br/sistema/detalhe-imovel.asp?hdnimovel=8787713103853;https://venda-imoveis.caixa.gov.br/editais/EA00180326CPVERE.PDF;https://venda-imoveis.caixa.gov.br/editais/matricula/PR/8787713103853.pdf;Apartamento, 58.17 de área total, 41.11 de área privativa, 0.00 de área do terreno,  2 qto(s), a.serv, WC, 1 sala(s), cozinha, 1 vaga(s) de garagem.
8787708365691;Almirante Tamandaré;Bonfim;RUA ALFREDO DE ANDRADE, N. 75, Apto 408, BL 16;Apartamento;40.31;2;120580.49;199500.0;39.56;78919.51;Licitação Aberta;False;False;https://venda-imoveis.caixa.gov.br/sistema/detalhe-imovel.asp?hdnimovel=8787708365691;https://venda-imoveis.caixa.gov.br/editais/EA00220326CPVERE.PDF;https://venda-imoveis.caixa.gov.br/editais/matricula/PR/8787708365691.pdf;Apartamento, 0.00 de área total, 40.31 de área privativa, 0.00 de área do terreno,  2 qto(s), a.serv, 1 sala(s), cozinha, 1 vaga(s) de garagem.
8787711125159;Almirante Tamandaré;Campina Do Arruda;RUA RUSSIA, N. 12, Apto 104, BLOCO 09, VAGA 266;Apartamento;43.61;2;113629.74;188000.0;39.56;74370.26;Licitação Aberta;False;False;https://venda-imoveis.caixa.gov.br/sistema/detalhe-imovel.asp?hdnimovel=8787711125159;https://venda-imoveis.caixa.gov.br/editais/EA00200326CPVERE.PDF;https://venda-imoveis.caixa.gov.br/editais/matricula/PR/8787711125159.pdf;Apartamento, 50.16 de área total, 43.61 de área privativa, 0.00 de área do terreno,  2 qto(s), a.serv, WC, 1 sala(s), cozinha, Terraco, 1 vaga(s) de garagem.
8555525491387;Araucária;Costeira;RUA MINAS GERAIS, N. 985, Apto 407, BL 17 PV 04 VG 247;Apartamento;46.23;2;135993.04;225000.0;39.56;89006.96;Licitação Aberta;False;False;https://venda-imoveis.caixa.gov.br/sistema/detalhe-imovel.asp?hdnimovel=8555525491387;https://venda-imoveis.caixa.gov.br/editais/EA00240326CPVERE.PDF;https://venda-imoveis.caixa.gov.br/editais/matricula/PR/8555525491387.pdf;Apartamento, 51.79 de área total, 46.23 de área privativa, 0.00 de área do terreno,  2 qto(s), a.serv, WC, 1 sala(s), cozinha, 1 vaga(s) de garagem.
8787706584167;Araucária;Cachoeira;RUA JOSE TULIO, N. 174, Apto 203, VG 12 BL 02 PV 02;Apartamento;38.4;2;122695.94;203000.0;39.56;80304.06;Licitação Aberta;False;False;https://venda-imoveis.caixa.gov.br/sistema/detalhe-imovel.asp?hdnimovel=8787706584167;https://venda-imoveis.caixa.gov.br/editais/EA00240326CPVERE.PDF;https://venda-imoveis.caixa.gov.br/editais/matricula/PR/8787706584167.pdf;Apartamento, 46.31 de área total, 38.40 de área privativa, 0.00 de área do terreno,  2 qto(s), WC, 1 sala(s), cozinha, 1 vaga(s) de garagem.
8555536424899;Araucária;Capela Velha;TRAVESSA GREEN VILLAGE, N. 40, Apto 304, BL 02 2 ANDAR VG 34;Apartamento;50.28;2;114838.57;190000.0;39.56;75161.43;Licitação Aberta;False;False;https://venda-imoveis.caixa.gov.br/sistema/detalhe-imovel.asp?hdnimovel=8555536424899;https://venda-imoveis.caixa.gov.br/editais/EA00240326CPVERE.PDF;https://venda-imoveis.caixa.gov.br/editais/matricula/PR/8555536424899.pdf;Apartamento, 59.10 de área total, 50.28 de área privativa, 0.00 de área do terreno,  2 qto(s), WC, 2 sala(s), cozinha, 1 vaga(s) de garagem.
8555532121042;Araucária;Campina Da Barra;RUA BORTOLO BASSO, N. 123, Apto 46, VG 34;Apartamento;41.7;2;132970.97;220000.0;39.56;87029.03;Licitação Aberta;False;False;https://venda-imoveis.caixa.gov.br/sistema/detalhe-imovel.asp?hdnimovel=8555532121042;https://venda-imoveis.caixa.gov.br/editais/EA00140326CPVERE.PDF;https://venda-imoveis.caixa.gov.br/editais/matricula/PR/8555532121042.pdf;Apartamento, 44.57 de área total, 41.70 de área privativa, 0.00 de área do terreno,  2 qto(s), a.serv, WC, 1 sala(s), cozinha, 1 vaga(s) de garagem.
8787706974631;Araucária;Campina Da Barra;RUA JARDINEIRA, N. 156, Apto 104, BL 02A PV 01 TERREO  VG 51;Apartamento;38.4;;113025.32;187000.0;39.56;73974.68;Licitação Aberta;False;False;https://venda-imoveis.caixa.gov.br/sistema/detalhe-imovel.asp?hdnimovel=8787706974631;https://venda-imoveis.caixa.gov.br/editais/EA00240326CPVERE.PDF;https://venda-imoveis.caixa.gov.br/editais/matricula/PR/8787706974631.pdf;Apartamento, 0.00 de área total, 38.40 de área privativa, 0.00 de área do terreno, 1 vaga(s) de garagem.
8787701698989;Campo Largo;Jardim Itaqui;RUA MARIA JOAQUINA VAZ, N. 721, Apto 207, BL 33 VG 836;Apartamento;40.0;2;111816.5;185000.0;39.56;73183.5;Venda Online;False;False;https://venda-imoveis.caixa.gov.br/sistema/detalhe-imovel.asp?hdnimovel=8787701698989;;https://venda-imoveis.caixa.gov.br/editais/matricula/PR/8787701698989.pdf;Apartamento, 45.91 de área total, 40.00 de área privativa, 0.00 de área do terreno,  2 qto(s), a.serv, WC, 1 sala(s), cozinha, 1 vaga(s) de garagem.
8787701904252;Campo Largo;Jardim Itaqui;RUA MARIA JOAQUINA VAZ, N. 721, Apto 201, BL 31 PAV 02 TIPO 50 VG 769;Apartamento;43.61;2;123904.77;205000.0;39.56;81095.23;Licitação Aberta;False;False;https://venda-imoveis.caixa.gov.br/sistema/detalhe-imovel.asp?hdnimovel=8787701904252;https://venda-imoveis.caixa.gov.br/editais/EA00140326CPVERE.PDF;https://venda-imoveis.caixa.gov.br/editais/matricula/PR/8787701904252.pdf;Apartamento, 50.04 de área total, 43.61 de área privativa, 0.00 de área do terreno,  2 qto(s), WC, 1 sala(s), cozinha, 1 vaga(s) de garagem.
8787702354132;Campo Largo;Jardim Itaqui;RUA MARIA JOAQUINA VAZ, N. SN, Apto 303, TIPO 06 BL 29 VG 1086 LT 02 3º PAV;Apartamento;40.0;2;129344.49;214000.0;39.56;84655.51;Licitação Aberta;False;False;https://venda-imoveis.caixa.gov.br/sistema/detalhe-imovel.asp?hdnimovel=8787702354132;https://venda-imoveis.caixa.gov.br/editais/EA00240326CPVERE.PDF;https://venda-imoveis.caixa.gov.br/editais/matricula/PR/8787702354132.pdf;Apartamento, 45.91 de área total, 40.00 de área privativa, 0.00 de área do terreno,  2 qto(s), WC, 1 sala(s), cozinha, 1 vaga(s) de garagem.
8787705920686;Campo Largo;Jardim Itaqui;RUA MARIA JOAQUINA VAZ, N. 721, Apto 303, BL 05 3 PAVIMENTO;Apartamento;40.0;2;113629.74;188000.0;39.56;74370.26;Venda Online;False;False;https://venda-imoveis.caixa.gov.br/sistema/detalhe-imovel.asp?hdnimovel=8787705920686;;https://venda-imoveis.caixa.gov.br/editais/matricula/PR/8787705920686.pdf;Apartamento, 57.91 de área total, 40.00 de área privativa, 0.00 de área do terreno,  2 qto(s), WC, 1 sala(s), cozinha, 1 vaga(s) de garagem.
8787708326874;Campo Largo;Itaboa;RUA ANGELO ZANETTI, N. SN, Apto 201, TIPO C, BLOCO 19, 1º PAVIMENTO;Apartamento;47.09;2;114596.8;189600.0;39.56;75003.2;Licitação Aberta;False;False;https://venda-imoveis.caixa.gov.br/sistema/detalhe-imovel.asp?hdnimovel=8787708326874;https://venda-imoveis.caixa.gov.br/editais/EA00190326CPVERE.PDF;https://venda-imoveis.caixa.gov.br/editais/matricula/PR/8787708326874.pdf;Apartamento, 51.84 de área total, 47.09 de área privativa, 0.00 de área do terreno,  2 qto(s), WC, 1 sala(s), cozinha, 1 vaga(s) de garagem.
8787715588080;Campo Largo;Itaboa;RUA ANGELO ZANETTI, N. 795, Apto 202, BL 27;Apartamento;47.09;2;134179.8;222000.0;39.56;87820.2;Licitação Aberta;False;False;https://venda-imoveis.caixa.gov.br/sistema/detalhe-imovel.asp?hdnimovel=8787715588080;https://venda-imoveis.caixa.gov.br/editais/EA00220326CPVERE.PDF;https://venda-imoveis.caixa.gov.br/editais/matricula/PR/8787715588080.pdf;Apartamento, 51.84 de área total, 47.09 de área privativa, 0.00 de área do terreno,  2 qto(s), a.serv, WC, 1 sala(s), cozinha.
8787714595962;Campo Largo;Botiatuva;RUA MANOEL LOPES VIEIRA, N. 143, Apto 105, BL 04 ANDAR TERREO TIPO A  VG 307;Apartamento;40.31;2;112420.91;186000.0;39.56;73579.09;Licitação Aberta;False;False;https://venda-imoveis.caixa.gov.br/sistema/detalhe-imovel.asp?hdnimovel=8787714595962;https://venda-imoveis.caixa.gov.br/editais/EA00240326CPVERE.PDF;https://venda-imoveis.caixa.gov.br/editais/matricula/PR/8787714595962.pdf;Apartamento, 0.00 de área total, 40.31 de área privativa, 0.00 de área do terreno,  2 qto(s), WC, 1 sala(s), cozinha, 1 vaga(s) de garagem.
8787717029607;Campo Largo;Botiatuva;RUA MANOEL LOPES VIEIRA, N. 143, Apto 201, BL 10;Apartamento;40.31;2;125113.59;207000.0;39.56;81886.41;Licitação Aberta;False;False;https://venda-imoveis.caixa.gov.br/sistema/detalhe-imovel.asp?hdnimovel=8787717029607;https://venda-imoveis.caixa.gov.br/editais/EA00220326CPVERE.PDF;https://venda-imoveis.caixa.gov.br/editais/matricula/PR/8787717029607.pdf;Apartamento, 58.68 de área total, 40.31 de área privativa, 0.00 de área do terreno,  2 qto(s), WC, 1 sala(s), cozinha, 1 vaga(s) de garagem.
8444433965534;Campo Largo;Bom Jesus;RODOVIA DOS EXPEDICIONARIOS, N. 1145, Apto 3026, BL 30 VG 943;Apartamento;40.0;2;111816.5;185000.0;39.56;73183.5;Venda Direta Online;False;False;https://venda-imoveis.caixa.gov.br/sistema/detalhe-imovel.asp?hdnimovel=8444433965534;;https://venda-imoveis.caixa.gov.br/editais/matricula/PR/8444433965534.pdf;Apartamento, 58.32 de área total, 40.00 de área privativa, 0.00 de área do terreno,  2 qto(s), WC, 1 sala(s), cozinha, 1 vaga(s) de garagem.
8787704497623;Campo Largo;Bom Jesus;AVENIDA DOS EXPEDICIONARIOS, N. 1145, Apto 2617, BL 26;Apartamento;40.0;2;120882.7;200000.0;39.56;79117.3;Venda Online;False;False;https://venda-imoveis.caixa.gov.br/sistema/detalhe-imovel.asp?hdnimovel=8787704497623;;https://venda-imoveis.caixa.gov.br/editais/matricula/PR/8787704497623.pdf;Apartamento, 65.96 de área total, 40.00 de área privativa, 0.00 de área do terreno,  2 qto(s), WC, 1 sala(s), cozinha, Terraco, 1 vaga(s) de garagem.
8787704512177;Campo Largo;Bom Jesus;AVENIDA DOS EXPEDICIONARIOS, N. 1145, Apto 3445, BL 34 VG 995;Apartamento;40.31;2;111272.53;184100.0;39.56;72827.47;Venda Direta Online;False;False;https://venda-imoveis.caixa.gov.br/sistema/detalhe-imovel.asp?hdnimovel=8787704512177;;https://venda-imoveis.caixa.gov.br/editais/matricula/PR/8787704512177.pdf;Apartamento, 46.17 de área total, 40.31 de área privativa, 0.00 de área do terreno,  2 qto(s), WC, 1 sala(s), cozinha, 1 vaga(s) de garagem.
8787704880206;Campo Largo;Bom Jesus;AVENIDA DOS EXPEDICIONARIOS, N. 4799, Apto 2224, BL 22 VG 625;Apartamento;40.31;2;112420.91;186000.0;39.56;73579.09;Venda Direta Online;False;False;https://venda-imoveis.caixa.gov.br/sistema/detalhe-imovel.asp?hdnimovel=8787704880206;;https://venda-imoveis.caixa.gov.br/editais/matricula/PR/8787704880206.pdf;Apartamento, 58.67 de área total, 40.31 de área privativa, 0.00 de área do terreno,  2 qto(s), WC, 1 sala(s), cozinha, 1 vaga(s) de garagem.
8787704882381;Campo Largo;Bom Jesus;RODOVIA DOS EXPEDICIONARIOS, N. 1145, Apto 941, BL 09 4ºANDAR VG 376;Apartamento;40.31;2;111272.53;184100.0;39.56;72827.47;Venda Online;False;False;https://venda-imoveis.caixa.gov.br/sistema/detalhe-imovel.asp?hdnimovel=8787704882381;;https://venda-imoveis.caixa.gov.br/editais/matricula/PR/8787704882381.pdf;Apartamento, 46.17 de área total, 40.31 de área privativa, 0.00 de área do terreno,  2 qto(s), WC, 1 sala(s), cozinha, 1 vaga(s) de garagem.
8787704947556;Campo Largo;Bom Jesus;AVENIDA DOS EXPEDICIONARIOS, N. 1145, Apto 1343, BL 13 VG 506;Apartamento;40.0;2;114838.57;190000.0;39.56;75161.43;Venda Direta Online;False;False;https://venda-imoveis.caixa.gov.br/sistema/detalhe-imovel.asp?hdnimovel=8787704947556;;https://venda-imoveis.caixa.gov.br/editais/matricula/PR/8787704947556.pdf;Apartamento, 45.82 de área total, 40.00 de área privativa, 0.00 de área do terreno,  2 qto(s), WC, 1 sala(s), cozinha, 1 vaga(s) de garagem.
8787704995690;Campo Largo;Bom Jesus;AVENIDA DOS EXPEDICIONARIOS, N. 4799, Apto 2245, BL 22 VG 679;Apartamento;40.31;2;120882.7;200000.0;39.56;79117.3;Venda Direta Online;False;False;https://venda-imoveis.caixa.gov.br/sistema/detalhe-imovel.asp?hdnimovel=8787704995690;;https://venda-imoveis.caixa.gov.br/editais/matricula/PR/8787704995690.pdf;Apartamento, 46.18 de área total, 40.31 de área privativa, 0.00 de área do terreno,  2 qto(s), WC, 1 sala(s), cozinha, 1 vaga(s) de garagem.
8787705182766;Campo Largo;Bom Jesus;AVENIDA DOS EXPEDICIONARIOS, N. 1145, Apto 2311, BL 23 VG 634;Apartamento;40.31;2;111212.08;184000.0;39.56;72787.92;Venda Direta Online;False;False;https://venda-imoveis.caixa.gov.br/sistema/detalhe-imovel.asp?hdnimovel=8787705182766;;https://venda-imoveis.caixa.gov.br/editais/matricula/PR/8787705182766.pdf;Apartamento, 63.22 de área total, 40.31 de área privativa, 0.00 de área do terreno,  2 qto(s), WC, 1 sala(s), cozinha, 1 vaga(s) de garagem.
8787705222474;Campo Largo;Bom Jesus;RODOVIA DOS EXPEDICIONARIOS, N. 1145, Apto 1748, BL 17 VAGA 533;Apartamento;40.31;2;120882.7;200000.0;39.56;79117.3;Venda Direta Online;False;False;https://venda-imoveis.caixa.gov.br/sistema/detalhe-imovel.asp?hdnimovel=8787705222474;;https://venda-imoveis.caixa.gov.br/editais/matricula/PR/8787705222474.pdf;Apartamento, 58.67 de área total, 40.31 de área privativa, 0.00 de área do terreno,  2 qto(s), WC, 1 sala(s), cozinha, 1 vaga(s) de garagem.
8787705231058;Campo Largo;Bom Jesus;AVENIDA DOS EXPEDICIONARIOS, N. 1145, Apto 1744, BL 17 VG 529;Apartamento;40.31;2;111212.08;184000.0;39.56;72787.92;Venda Direta Online;False;False;https://venda-imoveis.caixa.gov.br/sistema/detalhe-imovel.asp?hdnimovel=8787705231058;;https://venda-imoveis.caixa.gov.br/editais/matricula/PR/8787705231058.pdf;Apartamento, 58.67 de área total, 40.31 de área privativa, 0.00 de área do terreno,  2 qto(s), WC, 1 sala(s), cozinha, 1 vaga(s) de garagem.
8787705242742;Campo Largo;Bom Jesus;RODOVIA DOS EXPEDICIONARIOS, N. 1145, Apto 1316, BL 13;Apartamento;40.0;2;113025.32;187000.0;39.56;73974.68;Venda Online;False;False;https://venda-imoveis.caixa.gov.br/sistema/detalhe-imovel.asp?hdnimovel=8787705242742;;https://venda-imoveis.caixa.gov.br/editais/matricula/PR/8787705242742.pdf;Apartamento, 67.68 de área total, 40.00 de área privativa, 0.00 de área do terreno,  2 qto(s), WC, 1 sala(s), cozinha, Terraco, 1 vaga(s) de garagem.
8787705273699;Campo Largo;Bom Jesus;AV DOS EXPEDICIONARIOS, N. 1145, Apto 3328, BL 32;Apartamento;43.61;2;114234.15;189000.0;39.56;74765.85;Venda Online;False;False;https://venda-imoveis.caixa.gov.br/sistema/detalhe-imovel.asp?hdnimovel=8787705273699;;https://venda-imoveis.caixa.gov.br/editais/matricula/PR/8787705273699.pdf;Apartamento, 49.94 de área total, 43.61 de área privativa, 0.00 de área do terreno,  2 qto(s), WC, 1 sala(s), cozinha, 1 vaga(s) de garagem.
8787705391900;Campo Largo;Bom Jesus;RODOVIA DOS EXPEDICIONARIOS, N. 1145, Apto 2211, BL 22;Apartamento;40.31;2;117860.63;195000.0;39.56;77139.37;Venda Direta Online;False;False;https://venda-imoveis.caixa.gov.br/sistema/detalhe-imovel.asp?hdnimovel=8787705391900;;https://venda-imoveis.caixa.gov.br/editais/matricula/PR/8787705391900.pdf;Apartamento, 63.23 de área total, 40.31 de área privativa, 0.00 de área do terreno,  2 qto(s), WC, 1 sala(s), cozinha, Terraco, 1 vaga(s) de garagem.
8787705475852;Campo Largo;Bom Jesus;AV DOS EXPEDICIONARIOS, N. 1145, Apto 1526, TIPO 1, BL 15;Apartamento;40.0;2;123904.77;205000.0;39.56;81095.23;Venda Direta Online;False;False;https://venda-imoveis.caixa.gov.br/sistema/detalhe-imovel.asp?hdnimovel=8787705475852;;https://venda-imoveis.caixa.gov.br/editais/matricula/PR/8787705475852.pdf;Apartamento, 45.82 de área total, 40.00 de área privativa, 0.00 de área do terreno,  2 qto(s), WC, 1 sala(s), cozinha, 1 vaga(s) de garagem.
8787705477146;Campo Largo;Bom Jesus;RODOVIA DOS EXPEDICIONARIOS, N. 1145, Apto 2644, BL 26, TP 2;Apartamento;40.31;2;126926.84;210000.0;39.56;83073.16;Venda Direta Online;False;False;https://venda-imoveis.caixa.gov.br/sistema/detalhe-imovel.asp?hdnimovel=8787705477146;;https://venda-imoveis.caixa.gov.br/editais/matricula/PR/8787705477146.pdf;Apartamento, 46.17 de área total, 40.31 de área privativa, 0.00 de área do terreno,  2 qto(s), a.serv, WC, 1 sala(s), cozinha, 1 vaga(s) de garagem.
8787705624556;Campo Largo;Bom Jesus;AVENIDA DOS EXPEDICIONARIOS, N. SN, Apto 1322, BLOCO 13, VAGA 49;Apartamento;40.0;2;121487.11;201000.0;39.56;79512.89;Licitação Aberta;False;False;https://venda-imoveis.caixa.gov.br/sistema/detalhe-imovel.asp?hdnimovel=8787705624556;https://venda-imoveis.caixa.gov.br/editais/EA00200326CPVERE.PDF;https://venda-imoveis.caixa.gov.br/editais/matricula/PR/8787705624556.pdf;Apartamento, 40.00 de área total, 40.00 de área privativa, 0.00 de área do terreno,  2 qto(s), a.serv, WC, 1 sala(s), cozinha, 1 vaga(s) de garagem.
8787705639308;Campo Largo;Bom Jesus;AVENIDA DOS EXPEDICIONARIOS, N. SN, Apto 1545, BLOCO 15, VAGA 56;Apartamento;40.31;2;122091.53;202000.0;39.56;79908.47;Licitação Aberta;False;False;https://venda-imoveis.caixa.gov.br/sistema/detalhe-imovel.asp?hdnimovel=8787705639308;https://venda-imoveis.caixa.gov.br/editais/EA00200326CPVERE.PDF;https://venda-imoveis.caixa.gov.br/editais/matricula/PR/8787705639308.pdf;Apartamento, 40.31 de área total, 40.31 de área privativa, 0.00 de área do terreno,  2 qto(s), a.serv, WC, 1 sala(s), cozinha, 1 vaga(s) de garagem.
8787705647980;Campo Largo;Bom Jesus;RODOVIA DOS EXPEDICIONARIOS, N. 1145, Apto 1946, BL 19 PAV 04 VG 653;Apartamento;40.0;2;121487.11;201000.0;39.56;79512.89;Licitação Aberta;False;False;https://venda-imoveis.caixa.gov.br/sistema/detalhe-imovel.asp?hdnimovel=8787705647980;https://venda-imoveis.caixa.gov.br/editais/EA00140326CPVERE.PDF;https://venda-imoveis.caixa.gov.br/editais/matricula/PR/8787705647980.pdf;Apartamento, 0.00 de área total, 40.00 de área privativa, 0.00 de área do terreno,  2 qto(s), WC, 1 sala(s), cozinha, 1 vaga(s) de garagem.
8787705691571;Campo Largo;Bom Jesus;RODOVIA DOS EXPEDICIONARIOS, N. 1145, Apto 1636, BL 16, VAGA Nº 298;Apartamento;40.0;2;130467.25;215857.6;39.56;85390.35;Venda Direta Online;False;False;https://venda-imoveis.caixa.gov.br/sistema/detalhe-imovel.asp?hdnimovel=8787705691571;;https://venda-imoveis.caixa.gov.br/editais/matricula/PR/8787705691571.pdf;Apartamento, 45.82 de área total, 40.00 de área privativa, 0.00 de área do terreno,  2 qto(s), a.serv, WC, 1 sala(s), cozinha, 1 vaga(s) de garagem.
8787705717481;Campo Largo;Bom Jesus;RUA DOS EXPEDICIONARIOS, N. 1145, Apto 3144, BL 31;Apartamento;43.61;2;120882.7;200000.0;39.56;79117.3;Venda Online;False;False;https://venda-imoveis.caixa.gov.br/sistema/detalhe-imovel.asp?hdnimovel=8787705717481;;https://venda-imoveis.caixa.gov.br/editais/matricula/PR/8787705717481.pdf;Apartamento, 49.94 de área total, 43.61 de área privativa, 0.00 de área do terreno,  2 qto(s), a.serv, WC, 1 sala(s), cozinha, 1 vaga(s) de garagem.
8787705962249;Campo Largo;Bom Jesus;RODOVIA DOS EXPEDICIONARIOS, N. 1145, Apto 1622, BL 16;Apartamento;40.0;2;113025.32;187000.0;39.56;73974.68;Venda Direta Online;False;False;https://venda-imoveis.caixa.gov.br/sistema/detalhe-imovel.asp?hdnimovel=8787705962249;;https://venda-imoveis.caixa.gov.br/editais/matricula/PR/8787705962249.pdf;Apartamento, 58.32 de área total, 40.00 de área privativa, 0.00 de área do terreno,  2 qto(s), WC, 1 sala(s), cozinha, 1 vaga(s) de garagem.
8787710324760;Campo Largo;Bom Jesus;AVENIDA DOS EXPEDICIONARIOS, N. 1145, Apto 1831, BL 18 VG 580;Apartamento;40.31;2;113025.32;187000.0;39.56;73974.68;Venda Online;False;False;https://venda-imoveis.caixa.gov.br/sistema/detalhe-imovel.asp?hdnimovel=8787710324760;;https://venda-imoveis.caixa.gov.br/editais/matricula/PR/8787710324760.pdf;Apartamento, 46.17 de área total, 40.31 de área privativa, 0.00 de área do terreno,  2 qto(s), WC, 1 sala(s), cozinha, 1 vaga(s) de garagem.
8787710357293;Campo Largo;Bom Jesus;RODOVIA DOS EXPEDICIONARIOS, N. 1145, Apto 525, BL 05;Apartamento;40.31;2;114838.57;190000.0;39.56;75161.43;Venda Online;False;False;https://venda-imoveis.caixa.gov.br/sistema/detalhe-imovel.asp?hdnimovel=8787710357293;;https://venda-imoveis.caixa.gov.br/editais/matricula/PR/8787710357293.pdf;Apartamento, 58.36 de área total, 40.31 de área privativa, 0.00 de área do terreno,  2 qto(s), WC, 1 sala(s), cozinha, 1 vaga(s) de garagem.
8787710694770;Campo Largo;Bom Jesus;RODOVIA DOS EXPEDICIONARIOS, N. 1145, Apto 2047, BL 20;Apartamento;40.0;2;111212.08;184000.0;39.56;72787.92;Venda Online;False;False;https://venda-imoveis.caixa.gov.br/sistema/detalhe-imovel.asp?hdnimovel=8787710694770;;https://venda-imoveis.caixa.gov.br/editais/matricula/PR/8787710694770.pdf;Apartamento, 45.82 de área total, 40.00 de área privativa, 0.00 de área do terreno,  2 qto(s), WC, 1 sala(s), cozinha, 1 vaga(s) de garagem.
8787702149954;Campo Largo;Campo Do Meio;RUA MARIA JOAQUINA VAZ, N. SN, Apto 401, BL 27;Apartamento;40.31;2;113025.32;187000.0;39.56;73974.68;Venda Online;False;False;https://venda-imoveis.caixa.gov.br/sistema/detalhe-imovel.asp?hdnimovel=8787702149954;;https://venda-imoveis.caixa.gov.br/editais/matricula/PR/8787702149954.pdf;Apartamento, 46.27 de área total, 40.31 de área privativa, 0.00 de área do terreno,  2 qto(s), WC, 1 sala(s), cozinha, 1 vaga(s) de garagem.
8787702847805;Campo Largo;Campo Do Meio;RUA MARIA JOAQUINA VAZ, N. 721, Apto 302, BL 02, VAGA Nº 218;Apartamento;40.0;2;126322.42;209000.0;39.56;82677.58;Venda Direta Online;False;False;https://venda-imoveis.caixa.gov.br/sistema/detalhe-imovel.asp?hdnimovel=8787702847805;;https://venda-imoveis.caixa.gov.br/editais/matricula/PR/8787702847805.pdf;Apartamento, 56.90 de área total, 40.00 de área privativa, 0.00 de área do terreno,  2 qto(s), a.serv, WC, 1 sala(s), cozinha, 1 vaga(s) de garagem.
8787703188899;Campo Largo;Campo Do Meio;RUA MARIA JOAQUINA VAZ, N. SN, Apto 301,  BL 08;Apartamento;43.61;2;119069.46;197000.0;39.56;77930.54;Venda Online;False;False;https://venda-imoveis.caixa.gov.br/sistema/detalhe-imovel.asp?hdnimovel=8787703188899;;https://venda-imoveis.caixa.gov.br/editais/matricula/PR/8787703188899.pdf;Apartamento, 50.04 de área total, 43.61 de área privativa, 0.00 de área do terreno,  2 qto(s), a.serv, WC, 1 sala(s), cozinha, 1 vaga(s) de garagem.
8787703202964;Campo Largo;Campo Do Meio;RUA MARIA JOAQUINA VAZ, N. 721, Apto 204, BL 05 VG 146;Apartamento;40.31;2;113097.02;187118.62;39.56;74021.6;Venda Online;False;False;https://venda-imoveis.caixa.gov.br/sistema/detalhe-imovel.asp?hdnimovel=8787703202964;;https://venda-imoveis.caixa.gov.br/editais/matricula/PR/8787703202964.pdf;Apartamento, 46.27 de área total, 40.31 de área privativa, 0.00 de área do terreno,  2 qto(s), a.serv, WC, 1 sala(s), cozinha, 1 vaga(s) de garagem.
8787709676569;Campo Largo;Itaqui;RODOVIA DOS EXPEDICIONARIOS, N. SN, Apto 1232, BL 12;Apartamento;40.0;2;124206.97;205500.0;39.56;81293.03;Venda Online;False;False;https://venda-imoveis.caixa.gov.br/sistema/detalhe-imovel.asp?hdnimovel=8787709676569;;https://venda-imoveis.caixa.gov.br/editais/matricula/PR/8787709676569.pdf;Apartamento, 45.82 de área total, 40.00 de área privativa, 0.00 de área do terreno,  2 qto(s), WC, 1 sala(s), cozinha, 1 vaga(s) de garagem.
8787710407215;Campo Largo;Itaqui;RUA PROFESSOR OVIDIO JORGE NOGUEIRA, N. 77, Apto 206, BL 01;Apartamento;49.94;2;123300.35;204000.0;39.56;80699.65;Venda Direta Online;False;False;https://venda-imoveis.caixa.gov.br/sistema/detalhe-imovel.asp?hdnimovel=8787710407215;;https://venda-imoveis.caixa.gov.br/editais/matricula/PR/8787710407215.pdf;Apartamento, 58.42 de área total, 49.94 de área privativa, 0.00 de área do terreno,  2 qto(s), a.serv, WC, 1 sala(s), cozinha, 1 vaga(s) de garagem.
8444404798498;Contenda;Planalto;R VALERIA BAUMEL PADILHA 483, N. 483, CASA 04 COND ROMA XXXIV;Casa;51.43;3;120882.7;200000.0;39.56;79117.3;Venda Direta Online;False;False;https://venda-imoveis.caixa.gov.br/sistema/detalhe-imovel.asp?hdnimovel=8444404798498;;https://venda-imoveis.caixa.gov.br/editais/matricula/PR/8444404798498.pdf;Casa, 0.00 de área total, 51.43 de área privativa, 0.00 de área do terreno,  3 qto(s), 1 sala(s), cozinha.
8444406189855;Contenda;Pepes;RUA JAIME GOOD, N. 51, CS 05;Casa;43.65;2;117860.63;195000.0;39.56;77139.37;Venda Direta Online;False;False;https://venda-imoveis.caixa.gov.br/sistema/detalhe-imovel.asp?hdnimovel=8444406189855;;https://venda-imoveis.caixa.gov.br/editais/matricula/PR/8444406189855.pdf;Casa, 43.65 de área total, 43.65 de área privativa, 71.60 de área do terreno,  2 qto(s), WC, 1 sala(s), cozinha.
8787705100042;Curitiba;Santa Candida;ESTRADA GUILHERME WEIGERT, N. 2245, Apto 11, BL 02 LT S VG 32;Apartamento;52.86;3;126926.84;210000.0;39.56;83073.16;Licitação Aberta;False;False;https://venda-imoveis.caixa.gov.br/sistema/detalhe-imovel.asp?hdnimovel=8787705100042;https://venda-imoveis.caixa.gov.br/editais/EA00140326CPVERE.PDF;https://venda-imoveis.caixa.gov.br/editais/matricula/PR/8787705100042.pdf;Apartamento, 58.45 de área total, 52.86 de área privativa, 0.00 de área do terreno,  3 qto(s), a.serv, WC, 1 sala(s), cozinha, 1 vaga(s) de garagem.
8787715863944;Curitiba;Santa Candida;RUA PEDRO KACHEL, N. 81, Apto 201, BL 13 PAV 02 LT 01 VG 238;Apartamento;38.4;2;140223.93;232000.0;39.56;91776.07;Licitação Aberta;False;False;https://venda-imoveis.caixa.gov.br/sistema/detalhe-imovel.asp?hdnimovel=8787715863944;https://venda-imoveis.caixa.gov.br/editais/EA00140326CPVERE.PDF;https://venda-imoveis.caixa.gov.br/editais/matricula/PR/8787715863944.pdf;Apartamento, 45.38 de área total, 38.40 de área privativa, 0.00 de área do terreno,  2 qto(s), WC, 1 sala(s), cozinha, 1 vaga(s) de garagem.
8787717236300;Fazenda Rio Grande;Estados;RUA JAGUARIAIVA, N. 2109, CS 309;Casa;42.0;2;124509.18;206000.0;39.56;81490.82;Licitação Aberta;False;False;https://venda-imoveis.caixa.gov.br/sistema/detalhe-imovel.asp?hdnimovel=8787717236300;https://venda-imoveis.caixa.gov.br/editais/EA00220326CPVERE.PDF;https://venda-imoveis.caixa.gov.br/editais/matricula/PR/8787717236300.pdf;Casa, 42.00 de área total, 42.00 de área privativa, 74.17 de área do terreno,  2 qto(s), a.serv, WC, 1 sala(s), 1 lavabo(s), cozinha.
8787715235463;São José dos Pinhais;Santo Antonio;RUA FRANCISCO DAL NEGRO, N. SN, Apto 301, BL 03, 3º  PAV, VG Nº 30;Apartamento;38.4;2;123423.04;204202.99;39.56;80779.95;Licitação Aberta;False;False;https://venda-imoveis.caixa.gov.br/sistema/detalhe-imovel.asp?hdnimovel=8787715235463;https://venda-imoveis.caixa.gov.br/editais/EA00200326CPVERE.PDF;https://venda-imoveis.caixa.gov.br/editais/matricula/PR/8787715235463.pdf;Apartamento, 76.21 de área total, 38.40 de área privativa, 0.00 de área do terreno,  2 qto(s), WC, 1 sala(s), cozinha, 1 vaga(s) de garagem.
1444422825932;Piraquara;Vila Sao Tiago;RUA TUBARAO, N. 617,;Terreno;3328.92;;520685.78;860000.0;39.46;339314.22;Venda Direta Online;False;False;https://venda-imoveis.caixa.gov.br/sistema/detalhe-imovel.asp?hdnimovel=1444422825932;;https://venda-imoveis.caixa.gov.br/editais/matricula/PR/1444422825932.pdf;Terreno, 0.00 de área total, 0.00 de área privativa, 3328.92 de área do terreno.
1444422580050;Curitiba;Sao Braz;RUA POETA SIDONIO MURALHA, N. 81, Apto 11, BL 01;Apartamento;36.4;2;90349.97;148000.0;38.96;57650.03;Licitação Aberta;False;False;https://venda-imoveis.caixa.gov.br/sistema/detalhe-imovel.asp?hdnimovel=1444422580050;https://venda-imoveis.caixa.gov.br/editais/EA00180326CPVERE.PDF;https://venda-imoveis.caixa.gov.br/editais/matricula/PR/1444422580050.pdf;Apartamento, 40.02 de área total, 36.40 de área privativa, 0.00 de área do terreno,  2 qto(s), WC, 1 sala(s), cozinha.
1444419253621;Colombo;Guaraituba;RUA CAMPO LARGO, N. 749, UND 05;Casa;50.68;3;152649.83;250000.0;38.95;97350.17;Licitação Aberta;False;False;https://venda-imoveis.caixa.gov.br/sistema/detalhe-imovel.asp?hdnimovel=1444419253621;https://venda-imoveis.caixa.gov.br/editais/EA00240326CPVERE.PDF;https://venda-imoveis.caixa.gov.br/editais/matricula/PR/1444419253621.pdf;Casa, 0.00 de área total, 50.68 de área privativa, 147.30 de área do terreno,  3 qto(s), a.serv, WC, 1 sala(s), cozinha, 1 vaga(s) de garagem.
1444419971338;Fazenda Rio Grande;Santa Terezinha;RUA SANTO AGOSTINHO, N. 556, CS 02;Casa;60.0;3;174020.8;285000.0;38.95;110979.2;Licitação Aberta;False;False;https://venda-imoveis.caixa.gov.br/sistema/detalhe-imovel.asp?hdnimovel=1444419971338;https://venda-imoveis.caixa.gov.br/editais/EA00220326CPVERE.PDF;https://venda-imoveis.caixa.gov.br/editais/matricula/PR/1444419971338.pdf;Casa, 60.00 de área total, 60.00 de área privativa, 192.00 de área do terreno,  3 qto(s), a.serv, WC, 1 sala(s), cozinha.
8787715190850;Araucária;Centro;RUA PARANAVAÍ, N. 100, Apto 302, BLOCO D, 3º PISO, VAGA 142;Apartamento;46.68;2;187059.02;305500.0;38.77;118440.98;Licitação Aberta;False;False;https://venda-imoveis.caixa.gov.br/sistema/detalhe-imovel.asp?hdnimovel=8787715190850;https://venda-imoveis.caixa.gov.br/editais/EA00200326CPVERE.PDF;https://venda-imoveis.caixa.gov.br/editais/matricula/PR/8787715190850.pdf;Apartamento, 52.70 de área total, 46.68 de área privativa, 0.00 de área do terreno,  2 qto(s), WC, 1 sala(s), cozinha, 1 vaga(s) de garagem.
8787716620441;Araucária;Capela Velha;RUA PELICANO, N. 1155, Apto 731, BLOCO 07, 3º PAVIMENTO, VAGA 95;Apartamento;61.95;2;153688.43;251000.0;38.77;97311.57;Licitação Aberta;False;False;https://venda-imoveis.caixa.gov.br/sistema/detalhe-imovel.asp?hdnimovel=8787716620441;https://venda-imoveis.caixa.gov.br/editais/EA00170326CPVERE.PDF;https://venda-imoveis.caixa.gov.br/editais/matricula/PR/8787716620441.pdf;Apartamento, 72.39 de área total, 61.95 de área privativa, 0.00 de área do terreno,  2 qto(s), varanda, a.serv, WC, 1 sala(s), cozinha, 1 vaga(s) de garagem.
8787715985985;Campo Largo;Ouro Verde;RUA CAETANO MUNHOZ DA ROCHA, N. 1080, Apto 304, TIPO 15 PV 03 BL 15 VG 412;Apartamento;40.31;2;145103.22;236978.86;38.77;91875.64;Licitação Aberta;False;False;https://venda-imoveis.caixa.gov.br/sistema/detalhe-imovel.asp?hdnimovel=8787715985985;https://venda-imoveis.caixa.gov.br/editais/EA00240326CPVERE.PDF;https://venda-imoveis.caixa.gov.br/editais/matricula/PR/8787715985985.pdf;Apartamento, 46.02 de área total, 40.31 de área privativa, 0.00 de área do terreno,  2 qto(s), WC, 1 sala(s), cozinha, 1 vaga(s) de garagem.
8787716013782;Campo Largo;Ouro Verde;RUA CAETANO MUNHOZ DA ROCHA, N. 1080, Apto 404, TIPO 15 BL 15 VG 420;Apartamento;40.31;2;162260.69;265000.0;38.77;102739.31;Licitação Aberta;False;False;https://venda-imoveis.caixa.gov.br/sistema/detalhe-imovel.asp?hdnimovel=8787716013782;https://venda-imoveis.caixa.gov.br/editais/EA00240326CPVERE.PDF;https://venda-imoveis.caixa.gov.br/editais/matricula/PR/8787716013782.pdf;Apartamento, 46.02 de área total, 40.31 de área privativa, 0.00 de área do terreno,  2 qto(s), WC, 1 sala(s), cozinha, 1 vaga(s) de garagem.
8787716933091;Campo Largo;Ouro Verde;RUA CAETANO MUNHOZ DA ROCHA, N. 1080, Apto 202, BL 04;Apartamento;40.0;2;156749.95;256000.0;38.77;99250.05;Licitação Aberta;False;False;https://venda-imoveis.caixa.gov.br/sistema/detalhe-imovel.asp?hdnimovel=8787716933091;https://venda-imoveis.caixa.gov.br/editais/EA00220326CPVERE.PDF;https://venda-imoveis.caixa.gov.br/editais/matricula/PR/8787716933091.pdf;Apartamento, 45.67 de área total, 40.00 de área privativa, 0.00 de área do terreno,  2 qto(s), WC, 1 sala(s), cozinha, 1 vaga(s) de garagem.
8787715858002;Curitiba;Santa Candida;RUA PEDRO KACHEL, N. 81, Apto 402, BLOCO 01, VAGA 42;Apartamento;41.6;2;165322.22;270000.0;38.77;104677.78;Licitação Aberta;False;False;https://venda-imoveis.caixa.gov.br/sistema/detalhe-imovel.asp?hdnimovel=8787715858002;https://venda-imoveis.caixa.gov.br/editais/EA00200326CPVERE.PDF;https://venda-imoveis.caixa.gov.br/editais/matricula/PR/8787715858002.pdf;Apartamento, 49.15 de área total, 41.60 de área privativa, 0.00 de área do terreno,  2 qto(s), WC, 1 sala(s), cozinha, 1 vaga(s) de garagem.
8444430740965;Curitiba;Agua Verde;RUA RIO GRANDE DO SUL, N. 907, Apto 14B, BL B;Apartamento;48.13;2;171445.26;280000.0;38.77;108554.74;Licitação Aberta;False;False;https://venda-imoveis.caixa.gov.br/sistema/detalhe-imovel.asp?hdnimovel=8444430740965;https://venda-imoveis.caixa.gov.br/editais/EA00180326CPVERE.PDF;https://venda-imoveis.caixa.gov.br/editais/matricula/PR/8444430740965.pdf;Apartamento, 59.43 de área total, 48.13 de área privativa, 0.00 de área do terreno,  2 qto(s), a.serv, WC, 1 sala(s), cozinha.
8787714335693;Fazenda Rio Grande;Estados;RUA JAGUARIAIVA, N. 2109, CASA 275;Casa;42.0;2;146953.08;240000.0;38.77;93046.92;Licitação Aberta;False;False;https://venda-imoveis.caixa.gov.br/sistema/detalhe-imovel.asp?hdnimovel=8787714335693;https://venda-imoveis.caixa.gov.br/editais/EA00170326CPVERE.PDF;https://venda-imoveis.caixa.gov.br/editais/matricula/PR/8787714335693.pdf;Casa, 42.00 de área total, 42.00 de área privativa, 78.00 de área do terreno,  2 qto(s), a.serv, WC, 1 sala(s), cozinha.
8787714993259;Fazenda Rio Grande;Estados;RUA JAGUARIAIVA, N. 2109, CS 67;Casa;42.0;2;155963.07;254714.88;38.77;98751.81;Licitação Aberta;False;False;https://venda-imoveis.caixa.gov.br/sistema/detalhe-imovel.asp?hdnimovel=8787714993259;https://venda-imoveis.caixa.gov.br/editais/EA00220326CPVERE.PDF;https://venda-imoveis.caixa.gov.br/editais/matricula/PR/8787714993259.pdf;Casa, 42.00 de área total, 42.00 de área privativa, 78.00 de área do terreno,  2 qto(s), a.serv, WC, 1 sala(s), cozinha.
8787716737225;Fazenda Rio Grande;Estados;RUA JAGUARIAIVA, N. 2109, CS 149 LT 24-A GLEBA B;Casa;42.0;;144503.86;236000.0;38.77;91496.14;Licitação Aberta;False;False;https://venda-imoveis.caixa.gov.br/sistema/detalhe-imovel.asp?hdnimovel=8787716737225;https://venda-imoveis.caixa.gov.br/editais/EA00140326CPVERE.PDF;https://venda-imoveis.caixa.gov.br/editais/matricula/PR/8787716737225.pdf;Casa, 0.00 de área total, 42.00 de área privativa, 78.00 de área do terreno.
1444414053667;Campo do Tenente;Bela Vista;RUA GALDINO ARRUDA, N. 85, QD 02 LT 31;Casa;51.0;2;98816.7;160000.0;38.24;61183.3;Licitação Aberta;False;False;https://venda-imoveis.caixa.gov.br/sistema/detalhe-imovel.asp?hdnimovel=1444414053667;https://venda-imoveis.caixa.gov.br/editais/EA00240326CPVERE.PDF;https://venda-imoveis.caixa.gov.br/editais/matricula/PR/1444414053667.pdf;Casa, 51.00 de área total, 51.00 de área privativa, 576.00 de área do terreno,  2 qto(s), a.serv, WC, 1 sala(s), cozinha.
8444417549572;Curitiba;Campo De Santana;RUA ALDA BASSETTI BERTHOLDI, N. 1710, CS 02;Casa;36.49;;104992.75;170000.0;38.24;65007.25;Licitação Aberta;False;False;https://venda-imoveis.caixa.gov.br/sistema/detalhe-imovel.asp?hdnimovel=8444417549572;https://venda-imoveis.caixa.gov.br/editais/EA00220326CPVERE.PDF;https://venda-imoveis.caixa.gov.br/editais/matricula/PR/8444417549572.pdf;Casa, 36.49 de área total, 36.49 de área privativa, 67.50 de área do terreno.
1444417159547;Fazenda Rio Grande;Nacoes;RUA SERVIA, N. SN, 128;Casa;38.6;2;103139.93;167000.0;38.24;63860.07;Licitação Aberta;False;False;https://venda-imoveis.caixa.gov.br/sistema/detalhe-imovel.asp?hdnimovel=1444417159547;https://venda-imoveis.caixa.gov.br/editais/EA00170326CPVERE.PDF;https://venda-imoveis.caixa.gov.br/editais/matricula/PR/1444417159547.pdf;Casa, 39.77 de área total, 38.60 de área privativa, 108.00 de área do terreno,  2 qto(s), a.serv, WC, 1 sala(s), cozinha, 1 vaga(s) de garagem.
1787700557135;Almirante Tamandaré;Bonfim;RUA ALFREDO DE ANDRADE, N. 75, Apto 101, BLOCO 33, VAGA 919;Apartamento;40.31;2;115813.89;184000.0;37.06;68186.11;Licitação Aberta;False;False;https://venda-imoveis.caixa.gov.br/sistema/detalhe-imovel.asp?hdnimovel=1787700557135;https://venda-imoveis.caixa.gov.br/editais/EA00200326CPVERE.PDF;https://venda-imoveis.caixa.gov.br/editais/matricula/PR/1787700557135.pdf;Apartamento, 45.88 de área total, 40.31 de área privativa, 0.00 de área do terreno,  2 qto(s), WC, 1 sala(s), cozinha, 1 vaga(s) de garagem.
8555518325604;Araucária;Campina Da Barra;RUA PROFESSORA MARIA NASSAR SCHAUSTEK, N. 1160, LOTE 07, QUADRA 01;Casa;50.1;2;118961.0;189000.0;37.06;70039.0;Licitação Aberta;False;False;https://venda-imoveis.caixa.gov.br/sistema/detalhe-imovel.asp?hdnimovel=8555518325604;https://venda-imoveis.caixa.gov.br/editais/EA00190326CPVERE.PDF;https://venda-imoveis.caixa.gov.br/editais/matricula/PR/8555518325604.pdf;Casa, 50.10 de área total, 50.10 de área privativa, 69.70 de área do terreno,  2 qto(s), a.serv, WC, 1 sala(s), cozinha.
8787701955078;Campo Largo;Jardim Itaqui;RUA MARIA JOAQUINA VAZ, N. SN, Apto 102, BL 35;Apartamento;40.0;2;119590.43;190000.0;37.06;70409.57;Venda Online;False;False;https://venda-imoveis.caixa.gov.br/sistema/detalhe-imovel.asp?hdnimovel=8787701955078;;https://venda-imoveis.caixa.gov.br/editais/matricula/PR/8787701955078.pdf;Apartamento, 0.00 de área total, 40.00 de área privativa, 0.00 de área do terreno,  2 qto(s), WC, 1 sala(s), cozinha, 1 vaga(s) de garagem.
1444414235560;Colombo;Campo Pequeno;RUA GUILHERME RODBARD, N. 139, Apto 12, PAV TÉR, LT 18, QD 01, PLANTA OURO VER;Apartamento;55.06;2;128402.35;204000.0;37.06;75597.65;Licitação Aberta;False;False;https://venda-imoveis.caixa.gov.br/sistema/detalhe-imovel.asp?hdnimovel=1444414235560;https://venda-imoveis.caixa.gov.br/editais/EA00170326CPVERE.PDF;https://venda-imoveis.caixa.gov.br/editais/matricula/PR/1444414235560.pdf;Apartamento, 63.98 de área total, 55.06 de área privativa, 0.00 de área do terreno,  2 qto(s), WC, 1 sala(s), cozinha, 1 vaga(s) de garagem.
8555518647563;Curitiba;Uberaba;AVENIDA COMENDADOR FRANCO, N. 8340, Apto 11, BL B17;Apartamento;40.01;2;119590.43;190000.0;37.06;70409.57;Licitação Aberta;False;False;https://venda-imoveis.caixa.gov.br/sistema/detalhe-imovel.asp?hdnimovel=8555518647563;https://venda-imoveis.caixa.gov.br/editais/EA00190326CPVERE.PDF;https://venda-imoveis.caixa.gov.br/editais/matricula/PR/8555518647563.pdf;Apartamento, 44.95 de área total, 40.01 de área privativa, 0.00 de área do terreno,  2 qto(s), WC, 1 sala(s), cozinha.
1444418577210;Fazenda Rio Grande;Estados;RUA PIEN, N. 329, CS 108;Casa;42.0;2;133437.74;212000.0;37.06;78562.26;Licitação Aberta;False;False;https://venda-imoveis.caixa.gov.br/sistema/detalhe-imovel.asp?hdnimovel=1444418577210;https://venda-imoveis.caixa.gov.br/editais/EA00220326CPVERE.PDF;https://venda-imoveis.caixa.gov.br/editais/matricula/PR/1444418577210.pdf;Casa, 42.00 de área total, 42.00 de área privativa, 73.20 de área do terreno,  2 qto(s), a.serv, WC, 1 sala(s), cozinha.
8444423636724;Fazenda Rio Grande;Nacoes;AVENIDA VENEZUELA, N. 1827, Apto 13, BL 52 TIPO 03 VG 463;Apartamento;42.57;2;124854.83;198363.85;37.06;73509.02;Licitação Aberta;False;False;https://venda-imoveis.caixa.gov.br/sistema/detalhe-imovel.asp?hdnimovel=8444423636724;;;Apartamento, 49.30 de área total, 42.57 de área privativa, 0.00 de área do terreno,  2 qto(s), WC, 1 sala(s), cozinha, 1 vaga(s) de garagem.
1444424287210;São José dos Pinhais;Sao Domingos;RUA PARANA, N. 148, Apto 201, TIPO A, BL 01, 2º PAVIMENTO, VAGA 09;Apartamento;53.29;2;136584.86;217000.0;37.06;80415.14;Licitação Aberta;False;False;https://venda-imoveis.caixa.gov.br/sistema/detalhe-imovel.asp?hdnimovel=1444424287210;;;Apartamento, 0.00 de área total, 53.29 de área privativa, 0.00 de área do terreno,  2 qto(s), varanda, a.serv, WC, 1 sala(s), cozinha, 1 vaga(s) de garagem.
10284141;Campo Largo;Moradias Bom Jesus;RUA JOÃO TIGRINHO DE FREITAS/ ANTIGA UA 16, N. CS 16, CASA;Casa;547.75;5;2421794.34;3800000.0;36.27;1378205.66;Venda Direta Online;False;False;https://venda-imoveis.caixa.gov.br/sistema/detalhe-imovel.asp?hdnimovel=10284141;;;Casa, 0.00 de área total, 547.75 de área privativa, 1468.00 de área do terreno,  5 qto(s), varanda, a.serv, WC, WC Emp, 2 sala(s), 1 lavabo(s), cozinha, Terraco.
1444407173466;Curitiba;Cidade Industrial;RUA JOAO SGUARIO, N. 624, CS 01 LT P QD 16;Casa;90.99;3;235806.29;370000.0;36.27;134193.71;Licitação Aberta;False;False;https://venda-imoveis.caixa.gov.br/sistema/detalhe-imovel.asp?hdnimovel=1444407173466;;;Casa, 90.99 de área total, 90.99 de área privativa, 74.81 de área do terreno,  3 qto(s), a.serv, WC, 1 sala(s), 1 lavabo(s), cozinha, 1 vaga(s) de garagem.
8444404619259;Curitiba;Pinheirinho;RUA IZAAC FERREIRA DA CRUZ, N. 1660, Apto 11, BL 12, 2º PAVIMENTO, 1º ANDAR, VAGA 04;Apartamento;59.7;2;179722.63;282000.0;36.27;102277.37;Licitação Aberta;False;False;https://venda-imoveis.caixa.gov.br/sistema/detalhe-imovel.asp?hdnimovel=8444404619259;;;Apartamento, 59.70 de área total, 59.70 de área privativa, 0.00 de área do terreno,  2 qto(s), a.serv, WC, 1 sala(s), cozinha, 1 vaga(s) de garagem.
1787702097611;Curitiba;Santa Candida;RUA PEDRO KACHEL, N. 81, Apto 103, BL 16;Apartamento;38.4;2;174624.12;274000.0;36.27;99375.88;Licitação Aberta;False;False;https://venda-imoveis.caixa.gov.br/sistema/detalhe-imovel.asp?hdnimovel=1787702097611;;;Apartamento, 45.74 de área total, 38.40 de área privativa, 0.00 de área do terreno,  2 qto(s), WC, 1 sala(s), cozinha, 1 vaga(s) de garagem.
1555528553075;Curitiba;Tingui;RUA JOAO BATISTA TRENTIN, N. 796, 200;Casa;410.32;3;1453076.6;2280000.0;36.27;826923.4;Venda Direta Online;False;False;https://venda-imoveis.caixa.gov.br/sistema/detalhe-imovel.asp?hdnimovel=1555528553075;;;Casa, 410.32 de área total, 410.32 de área privativa, 528.00 de área do terreno,  3 qto(s), a.serv, WC, 4 sala(s), cozinha.
1444418870180;Fazenda Rio Grande;Gralha Azul;RUA CHOPIM ESQ RUA JURUVIARA, N. 288, CS 01 PARTE LT 101 QD 11;Casa;51.72;4;248552.58;390000.0;36.27;141447.42;Venda Direta Online;False;False;https://venda-imoveis.caixa.gov.br/sistema/detalhe-imovel.asp?hdnimovel=1444418870180;;;Casa, 138.91 de área total, 51.72 de área privativa, 194.79 de área do terreno,  4 qto(s), a.serv, WC, 1 sala(s), cozinha, 1 vaga(s) de garagem.
1444418887481;São José dos Pinhais;Academia;RUA MARIA ALICE SADEMBERG, N. 324, LT 11 QD 05;Terreno;480.0;;184821.15;290000.0;36.27;105178.85;Venda Direta Online;False;False;https://venda-imoveis.caixa.gov.br/sistema/detalhe-imovel.asp?hdnimovel=1444418887481;;;Terreno, 0.00 de área total, 0.00 de área privativa, 480.00 de área do terreno.
